ATTR	words=4096 batch=1	od-single	median	1014.6	min	1001.66	max	1025.82	ns/word	trials	11	calls/trial	952946	words/trial	952946
ATTR	words=4096 batch=1	od-batch	median	2302.62	min	2284.9	max	2315.81	ns/word	trials	11	calls/trial	422858	words/trial	422858
ATTR	words=4096 batch=1	od-manual-sync	median	1126.32	min	1121.64	max	1152.96	ns/word	trials	11	calls/trial	861872	words/trial	861872
ATTR	words=4096 batch=1	od-manual-uring	median	2084.98	min	2075.18	max	2133.41	ns/word	trials	11	calls/trial	469210	words/trial	469210
ATTR	words=4096 batch=1	ie-probe-only	median	14.679	min	14.6106	max	14.8468	ns/word	trials	11	calls/trial	66825979	words/trial	66825979
ATTR	words=4096 batch=1	ie-single	median	1044.57	min	1040.52	max	1053.75	ns/word	trials	11	calls/trial	927255	words/trial	927255
ATTR	words=4096 batch=1	ie-batch	median	2406.88	min	2402.57	max	2430.18	ns/word	trials	11	calls/trial	432398	words/trial	432398
ATTR	words=4096 batch=16	od-single	median	1038.36	min	1022.32	max	1043.71	ns/word	trials	11	calls/trial	63338	words/trial	1013408
ATTR	words=4096 batch=16	od-batch	median	1383.82	min	1345.49	max	1405.1	ns/word	trials	11	calls/trial	47298	words/trial	756768
ATTR	words=4096 batch=16	od-manual-sync	median	1019.14	min	1003.57	max	1024.59	ns/word	trials	11	calls/trial	64535	words/trial	1032560
ATTR	words=4096 batch=16	od-manual-uring	median	1370.93	min	1324.46	max	1387.75	ns/word	trials	11	calls/trial	48378	words/trial	774048
ATTR	words=4096 batch=16	ie-probe-only	median	15.8411	min	15.5786	max	16.25	ns/word	trials	11	calls/trial	4107842	words/trial	65725472
ATTR	words=4096 batch=16	ie-single	median	555.834	min	552.954	max	558.948	ns/word	trials	11	calls/trial	117853	words/trial	1885648
ATTR	words=4096 batch=16	ie-batch	median	772.961	min	763.577	max	782.374	ns/word	trials	11	calls/trial	84865	words/trial	1357840
ATTR	words=4096 batch=128	od-single	median	1041.92	min	1036.74	max	1069.79	ns/word	trials	11	calls/trial	7820	words/trial	1000960
ATTR	words=4096 batch=128	od-batch	median	1345.05	min	1303.25	max	1363.67	ns/word	trials	11	calls/trial	6087	words/trial	779136
ATTR	words=4096 batch=128	od-manual-sync	median	1011.95	min	991.096	max	1020.85	ns/word	trials	11	calls/trial	8093	words/trial	1035904
ATTR	words=4096 batch=128	od-manual-uring	median	1331.93	min	1280.06	max	1349.71	ns/word	trials	11	calls/trial	6127	words/trial	784256
ATTR	words=4096 batch=128	ie-probe-only	median	18.0881	min	17.9568	max	18.228	ns/word	trials	11	calls/trial	455464	words/trial	58299392
ATTR	words=4096 batch=128	ie-single	median	517.691	min	514.55	max	520.218	ns/word	trials	11	calls/trial	15880	words/trial	2032640
ATTR	words=4096 batch=128	ie-batch	median	638.146	min	631.707	max	642.011	ns/word	trials	11	calls/trial	12915	words/trial	1653120
ATTR	words=4096 batch=2048	od-single	median	1041.76	min	1029.72	max	1051.05	ns/word	trials	11	calls/trial	490	words/trial	1003520
ATTR	words=4096 batch=2048	od-batch	median	1853.4	min	1822.91	max	1944.09	ns/word	trials	11	calls/trial	277	words/trial	567296
ATTR	words=4096 batch=2048	od-manual-sync	median	1008.8	min	999.787	max	1025.93	ns/word	trials	11	calls/trial	507	words/trial	1038336
ATTR	words=4096 batch=2048	od-manual-uring	median	1845.08	min	1836.68	max	1867.89	ns/word	trials	11	calls/trial	277	words/trial	567296
ATTR	words=4096 batch=2048	ie-probe-only	median	55.0943	min	54.8207	max	55.5908	ns/word	trials	11	calls/trial	9288	words/trial	19021824
ATTR	words=4096 batch=2048	ie-single	median	589.748	min	584.8	max	604.949	ns/word	trials	11	calls/trial	868	words/trial	1777664
ATTR	words=4096 batch=2048	ie-batch	median	952.339	min	944.793	max	961.598	ns/word	trials	11	calls/trial	538	words/trial	1101824
ATTR	words=200000 batch=1	od-single	median	1027.93	min	1018.65	max	1045.21	ns/word	trials	11	calls/trial	1020562	words/trial	1020562
ATTR	words=200000 batch=1	od-batch	median	2323.38	min	2306.16	max	2339.15	ns/word	trials	11	calls/trial	455563	words/trial	455563
ATTR	words=200000 batch=1	od-manual-sync	median	1138.6	min	1116.52	max	1155.1	ns/word	trials	11	calls/trial	926288	words/trial	926288
ATTR	words=200000 batch=1	od-manual-uring	median	2092.63	min	2068.17	max	2134.78	ns/word	trials	11	calls/trial	504899	words/trial	504899
ATTR	words=200000 batch=1	ie-probe-only	median	16.7636	min	16.5201	max	18.3814	ns/word	trials	11	calls/trial	61434224	words/trial	61434224
ATTR	words=200000 batch=1	ie-single	median	1056.53	min	1050.48	max	1068.21	ns/word	trials	11	calls/trial	984978	words/trial	984978
ATTR	words=200000 batch=1	ie-batch	median	2430.72	min	2414.06	max	2465.93	ns/word	trials	11	calls/trial	432600	words/trial	432600
ATTR	words=200000 batch=16	od-single	median	1044.4	min	1031.3	max	1074.62	ns/word	trials	11	calls/trial	62193	words/trial	995088
ATTR	words=200000 batch=16	od-batch	median	1401.12	min	1350.95	max	1406.17	ns/word	trials	11	calls/trial	46650	words/trial	746400
ATTR	words=200000 batch=16	od-manual-sync	median	1025.04	min	1010.52	max	1029.17	ns/word	trials	11	calls/trial	63257	words/trial	1012112
ATTR	words=200000 batch=16	od-manual-uring	median	1370.81	min	1338.92	max	1376.69	ns/word	trials	11	calls/trial	47439	words/trial	759024
ATTR	words=200000 batch=16	ie-probe-only	median	22.0706	min	21.8648	max	22.3274	ns/word	trials	11	calls/trial	2996890	words/trial	47950240
ATTR	words=200000 batch=16	ie-single	median	499.053	min	496.841	max	511.585	ns/word	trials	11	calls/trial	130225	words/trial	2083600
ATTR	words=200000 batch=16	ie-batch	median	697.398	min	694.5	max	705.53	ns/word	trials	11	calls/trial	94526	words/trial	1512416
ATTR	words=200000 batch=128	od-single	median	1049.71	min	1038.73	max	1058.69	ns/word	trials	11	calls/trial	7832	words/trial	1002496
ATTR	words=200000 batch=128	od-batch	median	1349.12	min	1306.95	max	1357.86	ns/word	trials	11	calls/trial	6165	words/trial	789120
ATTR	words=200000 batch=128	od-manual-sync	median	1021.53	min	1010.84	max	1026.84	ns/word	trials	11	calls/trial	8067	words/trial	1032576
ATTR	words=200000 batch=128	od-manual-uring	median	1329.84	min	1291.53	max	1350.94	ns/word	trials	11	calls/trial	6166	words/trial	789248
ATTR	words=200000 batch=128	ie-probe-only	median	24.0936	min	23.5539	max	24.8344	ns/word	trials	11	calls/trial	342114	words/trial	43790592
ATTR	words=200000 batch=128	ie-single	median	553.851	min	550.372	max	559.752	ns/word	trials	11	calls/trial	14727	words/trial	1885056
ATTR	words=200000 batch=128	ie-batch	median	677.526	min	658.757	max	684.856	ns/word	trials	11	calls/trial	12013	words/trial	1537664
ATTR	words=200000 batch=2048	od-single	median	1046.63	min	1040.89	max	1068.55	ns/word	trials	11	calls/trial	487	words/trial	997376
ATTR	words=200000 batch=2048	od-batch	median	1854.93	min	1849.88	max	1891.22	ns/word	trials	11	calls/trial	274	words/trial	561152
ATTR	words=200000 batch=2048	od-manual-sync	median	1015.31	min	1003.13	max	1030.15	ns/word	trials	11	calls/trial	502	words/trial	1028096
ATTR	words=200000 batch=2048	od-manual-uring	median	1851.52	min	1830.36	max	1887.85	ns/word	trials	11	calls/trial	276	words/trial	565248
ATTR	words=200000 batch=2048	ie-probe-only	median	91.7454	min	91.2897	max	92.6945	ns/word	trials	11	calls/trial	5561	words/trial	11388928
ATTR	words=200000 batch=2048	ie-single	median	645.816	min	642.656	max	675.85	ns/word	trials	11	calls/trial	787	words/trial	1611776
ATTR	words=200000 batch=2048	ie-batch	median	991.079	min	986.24	max	1017.66	ns/word	trials	11	calls/trial	515	words/trial	1054720
ATTR	words=200000 batch=50000	od-single	median	1072.81	min	1063.75	max	1127.46	ns/word	trials	11	calls/trial	20	words/trial	1000000
ATTR	words=200000 batch=50000	od-batch	median	1997.03	min	1981.66	max	2060.27	ns/word	trials	11	calls/trial	11	words/trial	550000
ATTR	words=200000 batch=50000	od-manual-sync	median	1072.75	min	1064.09	max	1136.86	ns/word	trials	11	calls/trial	20	words/trial	1000000
ATTR	words=200000 batch=50000	od-manual-uring	median	1993.46	min	1967.65	max	2051.66	ns/word	trials	11	calls/trial	11	words/trial	550000
ATTR	words=200000 batch=50000	ie-probe-only	median	94.0018	min	93.0961	max	96.5097	ns/word	trials	11	calls/trial	226	words/trial	11300000
ATTR	words=200000 batch=50000	ie-single	median	675.24	min	667.836	max	709.391	ns/word	trials	11	calls/trial	32	words/trial	1600000
ATTR	words=200000 batch=50000	ie-batch	median	1096.67	min	1089.55	max	1130.68	ns/word	trials	11	calls/trial	19	words/trial	950000
