arm	ref	sha	target	tool	metric	scale	value
base	7dd01b549c42ecf3eb1971bd73ed01c20ebf2fef	7dd01b549c42ecf3eb1971bd73ed01c20ebf2fef	SerializerMicroBenchmark	dhat	heap_bytes	1	61690139
base	7dd01b549c42ecf3eb1971bd73ed01c20ebf2fef	7dd01b549c42ecf3eb1971bd73ed01c20ebf2fef	SerializerMicroBenchmark	dhat	heap_blocks	1	344013
base	7dd01b549c42ecf3eb1971bd73ed01c20ebf2fef	7dd01b549c42ecf3eb1971bd73ed01c20ebf2fef	SerializerMicroBenchmark	callgrind	Ir	1	334928926
variant	7dd01b549c42ecf3eb1971bd73ed01c20ebf2fef	7dd01b549c42ecf3eb1971bd73ed01c20ebf2fef	SerializerMicroBenchmark	dhat	heap_bytes	1	61690190
variant	7dd01b549c42ecf3eb1971bd73ed01c20ebf2fef	7dd01b549c42ecf3eb1971bd73ed01c20ebf2fef	SerializerMicroBenchmark	dhat	heap_blocks	1	344013
variant	7dd01b549c42ecf3eb1971bd73ed01c20ebf2fef	7dd01b549c42ecf3eb1971bd73ed01c20ebf2fef	SerializerMicroBenchmark	callgrind	Ir	1	334927931
base	7dd01b549c42ecf3eb1971bd73ed01c20ebf2fef	7dd01b549c42ecf3eb1971bd73ed01c20ebf2fef	SerializerMicroBenchmark	dhat	heap_bytes	3	91775567
base	7dd01b549c42ecf3eb1971bd73ed01c20ebf2fef	7dd01b549c42ecf3eb1971bd73ed01c20ebf2fef	SerializerMicroBenchmark	dhat	heap_blocks	3	424029
base	7dd01b549c42ecf3eb1971bd73ed01c20ebf2fef	7dd01b549c42ecf3eb1971bd73ed01c20ebf2fef	SerializerMicroBenchmark	callgrind	Ir	3	454257584
variant	7dd01b549c42ecf3eb1971bd73ed01c20ebf2fef	7dd01b549c42ecf3eb1971bd73ed01c20ebf2fef	SerializerMicroBenchmark	dhat	heap_bytes	3	91775618
variant	7dd01b549c42ecf3eb1971bd73ed01c20ebf2fef	7dd01b549c42ecf3eb1971bd73ed01c20ebf2fef	SerializerMicroBenchmark	dhat	heap_blocks	3	424029
variant	7dd01b549c42ecf3eb1971bd73ed01c20ebf2fef	7dd01b549c42ecf3eb1971bd73ed01c20ebf2fef	SerializerMicroBenchmark	callgrind	Ir	3	454257647
