bench,config,arm,trial,seconds,items,ns_per_item,alloc_requests,alloc_bytes
fsstab,s1,variant-owning,1,15.815836906433105,99600000,158.79354323728018,99600009,135565006600
fsstab,s1,variant2-owning,1,26.45207405090332,99600000,265.58307280023416,99600009,135565006600
fsstab,s1,variant2-into,1,10.873523712158203,99600000,109.1719248208655,9,4360
fsstab,s1,base-owning,1,13.258498191833496,99600000,133.1174517252359,99600009,135565006600
fsstab,s1,variant2-owning,2,13.991020202636719,99600000,140.47209038791885,99600009,135565006600
fsstab,s1,variant2-into,2,11.020214080810547,99600000,110.64471968685288,9,4360
fsstab,s1,base-owning,2,13.245845794677734,99600000,132.99041962527846,99600009,135565006600
fsstab,s1,variant-owning,2,15.872533798217773,99600000,159.36278913873267,99600009,135565006600
fsstab,s1,variant2-into,3,10.922761917114258,99600000,109.66628430837608,9,4360
fsstab,s1,base-owning,3,13.266722679138184,99600000,133.20002689897774,99600009,135565006600
fsstab,s1,variant-owning,3,15.839797019958496,99600000,159.0341066260893,99600009,135565006600
fsstab,s1,variant2-owning,3,13.878400802612305,99600000,139.34137352020386,99600009,135565006600
fsstab,s3,variant-owning,1,16.593421936035156,37400000,443.67438331644803,112200009,145072270600
fsstab,s3,variant2-owning,1,14.464981079101562,37400000,386.7641999759776,112200009,145072270600
fsstab,s3,variant2-into,1,11.474994659423828,37400000,306.8180390220275,9,4360
fsstab,s3,base-owning,1,13.782047271728516,37400000,368.5039377467518,112200009,145072270600
fsstab,s3,variant2-owning,2,15.264693260192871,37400000,408.1468786147826,112200009,145072270600
fsstab,s3,variant2-into,2,12.307406425476074,37400000,329.07503811433355,9,4360
fsstab,s3,base-owning,2,13.788457870483398,37400000,368.67534413057217,112200009,145072270600
fsstab,s3,variant-owning,2,16.3897705078125,37400000,438.22915796290107,112200009,145072270600
fsstab,s3,variant2-into,3,11.438319206237793,37400000,305.8374119314918,9,4360
fsstab,s3,base-owning,3,14.021416664123535,37400000,374.9041888803084,112200009,145072270600
fsstab,s3,variant-owning,3,16.38570785522461,37400000,438.12053088835853,112200009,145072270600
fsstab,s3,variant2-owning,3,14.38843059539795,37400000,384.71739559887567,112200009,145072270600
vocab,real,variant-real,1,20.30834197998047,196600000,103.2977720243157,393200008,45084296600
vocab,real,variant2-real,1,16.444366455078125,196600000,83.64377647547367,393200008,45084296600
vocab,real,base-real,1,10.671622276306152,196600000,54.280886451201184,393200008,45084296600
vocab,real,variant2-real,2,16.253822326660156,196600000,82.67457948453793,393200008,45084296600
vocab,real,base-real,2,10.715038299560547,196600000,54.50172075056229,393200008,45084296600
vocab,real,variant-real,2,20.269962310791016,196600000,103.10255498876407,393200008,45084296600
vocab,real,base-real,3,10.756185531616211,196600000,54.71101491157788,393200008,45084296600
vocab,real,variant-real,3,20.012720108032227,196600000,101.79410024431448,393200008,45084296600
vocab,real,variant2-real,3,16.243270874023438,196600000,82.62090983735217,393200008,45084296600
