pr,query,scenario,arm,arm_label,rep,status,elapsed_s,first_byte_s,response_bytes,cpu_s,read_bytes,syscr,major_faults,checksum,body_multiset,body_lines,correctness
196,H-vocab-label-large-de,cold,base,base 376d92ad,1,complete,26.768621493,0.430792925,504927346,30.040000,9437601792,2646,0,667b4be896acd8fd34c3a99219789510,75eb7a67996ae056829a3d17083d349b,4515802,identical
196,H-vocab-label-large-de,cold,variant,variant 1273038c,1,complete,24.239085764,0.428211912,504927346,26.570000,9440079872,2645,1,667b4be896acd8fd34c3a99219789510,75eb7a67996ae056829a3d17083d349b,4515802,identical
196,H-vocab-label-large-de,cold,base,base 376d92ad,2,complete,26.260935016,0.490267465,504927346,29.530000,9445752832,2646,0,667b4be896acd8fd34c3a99219789510,75eb7a67996ae056829a3d17083d349b,4515802,identical
196,H-vocab-label-large-de,cold,variant,variant 1273038c,2,complete,24.426883223,0.416806258,504927346,26.660000,9440079872,2645,1,667b4be896acd8fd34c3a99219789510,75eb7a67996ae056829a3d17083d349b,4515802,identical
196,H-vocab-label-large-de,warm,base,base 376d92ad,1,complete,18.788211630,0.134626470,504927346,22.380000,0,2643,0,667b4be896acd8fd34c3a99219789510,75eb7a67996ae056829a3d17083d349b,4515802,identical
196,H-vocab-label-large-de,warm,variant,variant 1273038c,1,complete,15.847485114,0.120635025,504927346,19.410000,0,2641,0,667b4be896acd8fd34c3a99219789510,75eb7a67996ae056829a3d17083d349b,4515802,identical
196,H-vocab-label-large-de,warm,base,base 376d92ad,2,complete,18.547174854,0.130372360,504927346,22.140000,0,2643,0,667b4be896acd8fd34c3a99219789510,75eb7a67996ae056829a3d17083d349b,4515802,identical
196,H-vocab-label-large-de,warm,variant,variant 1273038c,2,complete,16.009429375,0.124676778,504927346,19.500000,0,2641,0,667b4be896acd8fd34c3a99219789510,75eb7a67996ae056829a3d17083d349b,4515802,identical
196,H-vocab-random-label-de-200k,cold,base,base 376d92ad,1,complete,10.552879460,7.967237025,19297737,7.700000,2986696704,1201740,0,1ad67f5d778a56661d17804e27bc74f9,f37756d7d28605fce036cc80f489bdb0,177845,identical
196,H-vocab-random-label-de-200k,cold,variant,variant 1273038c,1,complete,10.106147119,7.912069527,19297737,7.250000,2991988736,1201740,1,1ad67f5d778a56661d17804e27bc74f9,f37756d7d28605fce036cc80f489bdb0,177845,identical
196,H-vocab-random-label-de-200k,cold,base,base 376d92ad,2,complete,10.484703876,7.822529401,19297737,7.640000,2989043712,1201740,0,1ad67f5d778a56661d17804e27bc74f9,f37756d7d28605fce036cc80f489bdb0,177845,identical
196,H-vocab-random-label-de-200k,cold,variant,variant 1273038c,2,complete,10.206995504,7.964359589,19297737,7.380000,2991988736,1201740,1,1ad67f5d778a56661d17804e27bc74f9,f37756d7d28605fce036cc80f489bdb0,177845,identical
196,H-vocab-random-label-de-200k,warm,base,base 376d92ad,1,complete,4.383693963,3.470578195,19297737,4.700000,0,1201737,0,1ad67f5d778a56661d17804e27bc74f9,f37756d7d28605fce036cc80f489bdb0,177845,identical
196,H-vocab-random-label-de-200k,warm,variant,variant 1273038c,1,complete,4.195299054,3.446301764,19297737,4.480000,0,1201737,0,1ad67f5d778a56661d17804e27bc74f9,f37756d7d28605fce036cc80f489bdb0,177845,identical
196,H-vocab-random-label-de-200k,warm,base,base 376d92ad,2,complete,4.360020306,3.477115509,19297737,4.640000,0,1201737,0,1ad67f5d778a56661d17804e27bc74f9,f37756d7d28605fce036cc80f489bdb0,177845,identical
196,H-vocab-random-label-de-200k,warm,variant,variant 1273038c,2,complete,4.129939700,3.381261556,19297737,4.460000,0,1201737,0,1ad67f5d778a56661d17804e27bc74f9,f37756d7d28605fce036cc80f489bdb0,177845,identical
