timestamp,run_id,query_id,cache_scenario,rep,status,http_status,elapsed_ns,elapsed_s,response_bytes,checksum_algorithm,checksum,content_type,minor_faults,major_faults,read_bytes,syscr,pswpin_delta,pswpout_delta,readiness_s,warmup_status,warmup_bytes,warmup_checksum,error
2026-07-30T20:51:10.444608+00:00,066-pilot-current-workload-D1-cold,D1,cold,1,complete,200,59260969,0.059260969,10699,xxh3_128,a3fe01367cd74d3a72bcdaf962062c6d,text/turtle,4681,0,7049216,390,0,0,8.784547,,,,
2026-07-30T20:51:21.215906+00:00,067-pilot-current-workload-D1-warm,D1,warm,1,complete,200,16939985,0.016939985,10699,xxh3_128,a3fe01367cd74d3a72bcdaf962062c6d,text/turtle,3668,0,0,390,0,0,9.069436,200,10699,a3fe01367cd74d3a72bcdaf962062c6d,
2026-07-30T20:51:33.103204+00:00,068-pilot-current-workload-D2-cold,D2,cold,1,complete,200,1552415961,1.552415961,12307261,xxh3_128,5ec7fdc282272a4bfa4fcd5473c0ec4f,text/turtle,8398,0,111300608,17463,0,0,9.064892,,,,
2026-07-30T20:51:47.668477+00:00,069-pilot-current-workload-D2-warm,D2,warm,1,complete,200,133531708,0.133531708,12307261,xxh3_128,5ec7fdc282272a4bfa4fcd5473c0ec4f,text/turtle,6388,0,0,17462,0,0,9.345983,200,12307261,5ec7fdc282272a4bfa4fcd5473c0ec4f,
2026-07-30T20:52:00.506886+00:00,070-pilot-current-workload-D3-cold,D3,cold,1,complete,200,2486090655,2.486090655,12323826,xxh3_128,e912f8607f4bc9b6aa7b70ebfb57b5f6,text/turtle,4959,0,170811392,53819,1,0,9.076726,,,,
2026-07-30T20:52:13.359397+00:00,071-pilot-current-workload-D3-warm,D3,warm,1,complete,200,112621562,0.112621562,12323826,xxh3_128,e912f8607f4bc9b6aa7b70ebfb57b5f6,text/turtle,3176,0,0,53818,0,0,8.810357,200,12323826,e912f8607f4bc9b6aa7b70ebfb57b5f6,
2026-07-30T20:52:25.388690+00:00,072-pilot-current-workload-D4-cold,D4,cold,1,complete,200,1952132321,1.952132321,6228521,xxh3_128,631b1a9dc4ecb8ebf79fb4f90d982de0,text/turtle,6945,0,147484672,27925,0,0,8.790972,,,,
2026-07-30T20:52:38.096861+00:00,073-pilot-current-workload-D4-warm,D4,warm,1,complete,200,72789674,0.072789674,6228521,xxh3_128,631b1a9dc4ecb8ebf79fb4f90d982de0,text/turtle,4503,0,0,27924,0,0,9.090362,200,6228521,631b1a9dc4ecb8ebf79fb4f90d982de0,
2026-07-30T20:52:50.200737+00:00,074-pilot-current-workload-R1-cold,R1,cold,1,complete,200,1770394310,1.770394310,6158205,xxh3_128,b4299789bfac338ae75a200eb729d9ed,text/turtle,5011,0,131293184,27049,0,0,9.051079,,,,
2026-07-30T20:53:02.391144+00:00,075-pilot-current-workload-R1-warm,R1,warm,1,complete,200,71191743,0.071191743,6158205,xxh3_128,b4299789bfac338ae75a200eb729d9ed,text/turtle,3123,0,0,27048,0,0,8.808808,200,6158205,b4299789bfac338ae75a200eb729d9ed,
2026-07-30T20:53:15.196179+00:00,076-pilot-current-workload-R2-cold,R2,cold,1,complete,200,2710016986,2.710016986,16773548,xxh3_128,5f42495af9512def80433319fe9b9a2d,text/turtle,4987,0,195190784,73617,1,0,8.815115,,,,
2026-07-30T20:53:29.064693+00:00,077-pilot-current-workload-R2-warm,R2,warm,1,complete,200,170187874,0.170187874,16773548,xxh3_128,5f42495af9512def80433319fe9b9a2d,text/turtle,3419,0,0,73616,0,0,9.062185,200,16773548,5f42495af9512def80433319fe9b9a2d,
2026-07-30T20:53:41.664487+00:00,078-pilot-current-workload-R3-cold,R3,cold,1,complete,200,2228742934,2.228742934,24665720,xxh3_128,aaa0852e46713d8bf05afe861c8e6df0,text/turtle,9782,0,147951616,34873,1,0,9.068260,,,,
2026-07-30T20:53:54.492802+00:00,079-pilot-current-workload-R3-warm,R3,warm,1,complete,200,162134431,0.162134431,24665720,xxh3_128,aaa0852e46713d8bf05afe861c8e6df0,text/turtle,9055,0,0,34872,0,0,9.056308,200,24665720,aaa0852e46713d8bf05afe861c8e6df0,
2026-07-30T20:54:07.531643+00:00,080-pilot-current-workload-H-dedup-cold,H-dedup,cold,1,complete,200,2938615920,2.938615920,44882815,xxh3_128,f9716fd2c5375415144b2e700660487e,text/turtle,9742,0,196272128,73769,1,0,8.804287,,,,
2026-07-30T20:54:21.677629+00:00,081-pilot-current-workload-H-dedup-warm,H-dedup,warm,1,complete,200,265888783,0.265888783,44882815,xxh3_128,f9716fd2c5375415144b2e700660487e,text/turtle,8124,0,0,73768,0,0,9.052725,200,44882815,f9716fd2c5375415144b2e700660487e,
2026-07-30T20:54:34.160699+00:00,082-pilot-current-workload-H-format-cold,H-format,cold,1,complete,200,2352760129,2.352760129,18945050,xxh3_128,ff7c2ef9d560145680a7c76a4454f89a,text/turtle,12991,0,9768960,2599761,12,0,8.820151,,,,
2026-07-30T20:54:49.496305+00:00,083-pilot-current-workload-H-format-warm,H-format,warm,1,complete,200,2329804961,2.329804961,18945050,xxh3_128,ff7c2ef9d560145680a7c76a4454f89a,text/turtle,8052,0,0,2599762,5,0,9.077241,200,18945050,ff7c2ef9d560145680a7c76a4454f89a,
2026-07-30T20:55:05.402987+00:00,084-pilot-current-workload-H-size-cold,H-size,cold,1,complete,200,5871925370,5.871925370,61371593,xxh3_128,50ba48112a1ff3e95a75f96d0e3d5af2,text/turtle,22951,0,460455936,285121,4,0,8.800687,,,,
2026-07-30T20:55:22.387709+00:00,085-pilot-current-workload-H-size-warm,H-size,warm,1,complete,200,548278464,0.548278464,61371593,xxh3_128,50ba48112a1ff3e95a75f96d0e3d5af2,text/turtle,20206,0,0,285118,0,0,9.089361,200,61371593,50ba48112a1ff3e95a75f96d0e3d5af2,
2026-07-30T20:55:34.253059+00:00,086-pilot-current-workload-H-vocab-title-small-cold,H-vocab-title-small,cold,1,complete,200,1392428550,1.392428550,1445657,xxh3_128,62e769e5d171eca619ffebb6bfeaedaf,text/turtle,2025,0,82055168,39755,2,0,9.076546,,,,
2026-07-30T20:55:46.459674+00:00,087-pilot-current-workload-H-vocab-title-small-warm,H-vocab-title-small,warm,1,complete,200,55333759,0.055333759,1445657,xxh3_128,62e769e5d171eca619ffebb6bfeaedaf,text/turtle,838,0,0,39754,0,0,9.086148,200,1445657,62e769e5d171eca619ffebb6bfeaedaf,
2026-07-30T20:56:03.255513+00:00,088-pilot-current-workload-H-vocab-title-large-cold,H-vocab-title-large,cold,1,complete,200,6137186033,6.137186033,15481848,xxh3_128,5fcbd529e615d03c4602a49788644aee,text/turtle,9438,0,772333568,398364,8,0,9.359343,,,,
2026-07-30T20:56:21.361421+00:00,089-pilot-current-workload-H-vocab-title-large-warm,H-vocab-title-large,warm,1,complete,200,418039275,0.418039275,15481848,xxh3_128,5fcbd529e615d03c4602a49788644aee,text/turtle,6043,0,0,398361,0,0,9.075645,200,15481848,5fcbd529e615d03c4602a49788644aee,
2026-07-30T20:56:34.188539+00:00,090-pilot-current-workload-H-vocab-creator-small-cold,H-vocab-creator-small,cold,1,complete,200,2026051092,2.026051092,922719,xxh3_128,c1a301468470c36689fdfbc8cbbb26bd,text/turtle,1462,0,90079232,37351,1,0,9.359279,,,,
2026-07-30T20:56:46.659544+00:00,091-pilot-current-workload-H-vocab-creator-small-warm,H-vocab-creator-small,warm,1,complete,200,62834772,0.062834772,922719,xxh3_128,c1a301468470c36689fdfbc8cbbb26bd,text/turtle,491,0,0,37350,0,0,8.806880,200,922719,c1a301468470c36689fdfbc8cbbb26bd,
2026-07-30T20:57:06.692584+00:00,092-pilot-current-workload-H-vocab-creator-large-cold,H-vocab-creator-large,cold,1,complete,200,9656304942,9.656304942,9226408,xxh3_128,075531a199ac1d7eea4eacb4554b832b,text/turtle,9003,0,611487744,374318,6,0,9.076890,,,,
2026-07-30T20:57:27.638354+00:00,093-pilot-current-workload-H-vocab-creator-large-warm,H-vocab-creator-large,warm,1,complete,200,353668228,0.353668228,9226408,xxh3_128,075531a199ac1d7eea4eacb4554b832b,text/turtle,5225,0,0,374313,0,0,8.807952,200,9226408,075531a199ac1d7eea4eacb4554b832b,
