rows,tid,t0_ns,t1_ns,cpu_ns
8192,3122806,4924405200632122,4924405226360767,25730174
8192,3122806,4924405226370687,4924405251184179,24770954
8192,3122806,4924405251193439,4924405276890744,25699644
8192,3122806,4924405276907214,4924405301612527,24707044
8192,3122806,4924405301622187,4924405325402977,23782433
8192,3122806,4924405325413727,4924405346909634,21498322
8192,3122806,4924405346921274,4924405366920283,20000871
8192,3122806,4924405366930793,4924405383988134,17059070
8192,3122806,4924405383999134,4924405402369315,18371540
8192,3122806,4924405402379335,4924405420679216,18301860
8192,3122806,4924405420690666,4924405439111147,18421690
8192,3122806,4924405439119397,4924405455077416,15934809
8192,3122806,4924405455086526,4924405470818757,15713149
8192,3122806,4924405470828597,4924405488411794,17585120
8192,3122806,4924405488422094,4924405505322496,16901919
8192,3122806,4924405505331416,4924405523741636,18411850
8192,3122806,4924405523750606,4924405544217081,20468022
8192,3122806,4924405544227831,4924405563921212,19430301
8192,3122806,4924405563932732,4924405589028792,25097874
8192,3122806,4924405589037772,4924405614570579,25534344
8192,3122806,4924405614581589,4924405638062741,23482753
8192,3122806,4924405638072431,4924405661382635,23279583
8192,3122806,4924405661391895,4924405685920029,24529833
8192,3122806,4924405685928779,4924405709041064,23113663
8192,3122806,4924405709049544,4924405731304696,22256523
8192,3122806,4924405731312976,4924405753468738,22157292
8192,3122806,4924405753476958,4924405773840084,20206851
8192,3122806,4924405773851244,4924405795016614,21149772
8192,3122806,4924405795024924,4924405816997797,21974612
8192,3122806,4924405817015837,4924405838753573,21739332
8192,3122806,4924405838762143,4924405860734396,21973653
8192,3122806,4924405860743146,4924405881454340,20693681
8192,3122806,4924405881464350,4924405903933109,22470333
8192,3122806,4924405903942149,4924405926771667,22831082
8192,3122806,4924405926779667,4924405948531172,21753392
8192,3122806,4924405948542302,4924405970026459,21486052
8192,3122806,4924405970036419,4924405995748635,25714175
8192,3122806,4924405995758795,4924406018599702,22842362
8192,3122806,4924406018609062,4924406041638417,23031633
8192,3122806,4924406041647927,4924406064921621,23275553
8192,3122806,4924406064930951,4924406086832635,21879212
8192,3122806,4924406086841735,4924406110906363,24066344
8192,3122806,4924406110916063,4924406134644124,23729863
8192,3122806,4924406134653714,4924406157903148,23237213
8192,3122806,4924406157914068,4924406182200014,24266243
8192,3122806,4924406182210424,4924406206536570,24327644
8192,3122806,4924406206546910,4924406230192991,23626743
8192,3122806,4924406230202001,4924406254378338,23063611
8192,3122806,4924406254390287,4924406276887457,22479593
8192,3122806,4924406276897847,4924406298463564,21567292
8192,3122806,4924406298473874,4924406319190787,20718141
8192,3122806,4924406319198647,4924406338104184,18906841
8192,3122806,4924406338112784,4924406360594724,22483472
8192,3122806,4924406360604014,4924406382868195,22265763
8192,3122806,4924406382876405,4924406400973808,18098900
8192,3122806,4924406400982118,4924406420584390,19559271
8192,3122806,4924406420594660,4924406441571131,20879801
8192,3122806,4924406441580151,4924406463133698,21554992
8192,3122806,4924406463142998,4924406480514397,17350120
8192,3122806,4924406480524406,4924406503840230,23317403
8192,3122806,4924406503851500,4924406524964660,21114412
8192,3122806,4924406524973670,4924406549601134,24629043
8192,3122806,4924406549611334,4924406571476828,21866812
8192,3122806,4924406571484648,4924406586618814,15135659
8192,3122806,4924406586626714,4924406605143773,18518910
8192,3122806,4924406605151903,4924406618983269,13832878
8192,3122806,4924406618990359,4924406634623290,15634309
8192,3122806,4924406634630560,4924406656032708,21404161
8192,3122806,4924406656041908,4924406675722859,19654681
8192,3122806,4924406675735379,4924406696407673,20673672
8192,3122806,4924406696416733,4924406710937103,14521938
8192,3123965,4924406694727626,4924406717159866,22433872
8192,3122806,4924406710945333,4924406727927555,16983819
8192,3123965,4924406717332895,4924406732178722,14847609
8192,3122806,4924406727938184,4924406749350752,21413792
8192,3123965,4924406732301181,4924406750804901,18505310
8192,3122806,4924406749360052,4924406767449745,18091160
8192,3123965,4924406750931740,4924406772601786,21671122
8192,3122806,4924406767458955,4924406788971803,21514292
8192,3123965,4924406772698696,4924406792955632,20259202
8192,3122806,4924406788982772,4924406803196865,14188428
8192,3123965,4924406793065112,4924406810608729,17545239
8192,3122806,4924406803208215,4924406816810122,13557198
8192,3123965,4924406810691548,4924406827426672,16736370
8192,3122806,4924406816819172,4924406829404417,12564417
8192,3122806,4924406829414327,4924406841357876,11920376
8192,3123965,4924406827536331,4924406841376456,13841637
8192,3123965,4924406841573875,4924406852518182,10946216
8192,3122806,4924406841367426,4924406854874584,13482808
8192,3123965,4924406852601221,4924406865750312,13150447
8192,3122806,4924406854886104,4924406870641655,15732429
8192,3123965,4924406865846701,4924406884744108,18898711
8192,3122806,4924406870652815,4924406892090502,21416662
8192,3123965,4924406884862217,4924406904754027,19893131
8192,3122806,4924406892100212,4924406914010417,21912062
8192,3123965,4924406904877526,4924406922907599,18031520
8192,3122806,4924406914021266,4924406936630275,22610422
8192,3123965,4924406923036128,4924406943679322,20606291
8192,3122806,4924406936639935,4924406957773615,21135562
8192,3123965,4924406943784211,4924406962057173,18256560
8192,3123965,4924406962154812,4924406977087869,14934698
8192,3122806,4924406957786765,4924406980208466,22422933
8192,3123965,4924406977162829,4924406998278279,21116942
8192,3122806,4924406980218426,4924406998797035,18580270
8192,3123965,4924406998419638,4924407013441074,15022718
8192,3122806,4924406998807055,4924407018140479,19311031
8192,3123965,4924407013582483,4924407031999824,18425580
8192,3122806,4924407018150218,4924407039278629,21129751
8192,3123965,4924407032119283,4924407053767079,21649832
8192,3122806,4924407039287699,4924407060147821,20861562
8192,3123965,4924407053913028,4924407073535569,19623871
8192,3122806,4924407060157631,4924407080957163,20801132
8192,3123965,4924407073642829,4924407096442386,22801103
8192,3122806,4924407080967943,4924407102576460,21610602
8192,3123965,4924407096573295,4924407119235144,22480773
8192,3122806,4924407102587350,4924407124325695,21740192
8192,3123965,4924407119341123,4924407139177613,19838211
8192,3122806,4924407124337775,4924407145809793,21426212
8192,3123965,4924407139299702,4924407158332938,19035281
8192,3122806,4924407145819462,4924407163685337,17867409
8192,3123965,4924407158458377,4924407179210730,20754141
8192,3122806,4924407163694287,4924407183773735,20081262
8192,3123965,4924407179317109,4924407200323900,21008052
8192,3122806,4924407183784675,4924407203785784,20002741
8192,3123965,4924407200436919,4924407220410578,19975371
8192,3122806,4924407203797264,4924407223189427,19393561
8192,3123965,4924407220516717,4924407241698067,21182912
8192,3122806,4924407223199117,4924407243997560,20799701
8192,3123965,4924407241788676,4924407262802767,20960802
8192,3122806,4924407244013510,4924407263932769,19921031
8192,3123965,4924407262972636,4924407283729809,20711911
8192,3122806,4924407263942249,4924407283874618,19933831
8192,3122806,4924407283883688,4924407303392760,19510371
8192,3123965,4924407283850138,4924407304978988,21107362
8192,3122806,4924407303401450,4924407324459001,21039922
8192,3123965,4924407305180977,4924407328525990,23316303
8192,3122806,4924407324468681,4924407345092065,20624751
8192,3123965,4924407328672519,4924407345432962,16761839
8192,3123965,4924407345540241,4924407366406723,20815481
8192,3122806,4924407345101305,4924407367887512,22787593
8192,3123965,4924407366503993,4924407387554983,21052412
8192,3122806,4924407367899112,4924407388570466,20651951
8192,3123965,4924407387671063,4924407407830280,20126681
8192,3122806,4924407388581116,4924407410518500,20887962
8192,3123965,4924407407931699,4924407426760107,18829941
8192,3122806,4924407410527660,4924407429277738,18726340
8192,3123965,4924407426887396,4924407446509427,19623641
8192,3122806,4924407429287688,4924407447208062,17921620
8192,3123965,4924407446652026,4924407465718322,19067690
8192,3122806,4924407447219942,4924407466638065,19324991
8192,3123965,4924407465825331,4924407486296096,20472292
8192,3122806,4924407466646955,4924407486812303,20166521
8192,3123965,4924407486439165,4924407504439979,18002770
8192,3122806,4924407486821733,4924407504948415,18102150
8192,3122806,4924407504959785,4924407522907699,17929470
8192,3123965,4924407504582028,4924407525415860,20835361
8192,3122806,4924407522918009,4924407541648268,18528420
8192,3123965,4924407525609429,4924407543549953,17941810
8192,3122806,4924407541658428,4924407559961409,18304580
8192,3123965,4924407543693842,4924407561660676,17968680
8192,3122806,4924407559972009,4924407578142102,18171870
8192,3123965,4924407561760836,4924407579431212,17672069
8192,3122806,4924407578153801,4924407596753011,18601150
8192,3123965,4924407579581181,4924407597064948,17484289
8192,3123965,4924407597202767,4924407615198681,17997610
8192,3122806,4924407596764861,4924407620368172,21613432
8192,3123965,4924407615285691,4924407634774993,19490671
8192,3122806,4924407620378252,4924407636764298,16362179
8192,3123965,4924407634877212,4924407653452072,18576301
8192,3122806,4924407636776088,4924407655852544,19078041
8192,3123965,4924407653557881,4924407672162880,18606700
8192,3122806,4924407655863983,4924407674739101,18876510
8192,3123965,4924407672298839,4924407690257783,17960280
8192,3122806,4924407674748931,4924407692318498,17571110
8192,3123965,4924407690391592,4924407707670392,17281070
8192,3122806,4924407692327648,4924407710486900,18161170
8192,3123965,4924407707815920,4924407726812637,18998090
8192,3122806,4924407710496700,4924407729298448,18803021
8192,3123965,4924407726925086,4924407746158860,19235081
8192,3122806,4924407729307028,4924407747296882,17990990
8192,3123965,4924407746291429,4924407761117167,14827378
8192,3122806,4924407747303822,4924407763963086,16660649
8192,3122806,4924407763972276,4924407778173578,14202638
8192,3123965,4924407761251806,4924407778433906,17182649
8192,3122806,4924407778181668,4924407795465427,17285190
8192,3123965,4924407778617905,4924407798046388,19430051
8192,3122806,4924407795474827,4924407809660450,14187657
8192,3123965,4924407798156097,4924407815510306,17355770
8192,3122806,4924407809671290,4924407824656456,14942279
8192,3123965,4924407815590485,4924407832343158,16754099
8192,3122806,4924407824667276,4924407840760475,16094649
8192,3123965,4924407832465437,4924407850477001,18013060
8192,3122806,4924407840769315,4924407856942892,16175289
8192,3123965,4924407850628640,4924407867972069,17345070
8192,3122806,4924407856954312,4924407874189292,17236639
8192,3123965,4924407868089368,4924407884727042,16640049
8192,3122806,4924407874199112,4924407891843288,17645960
8192,3123965,4924407884843511,4924407902264519,17422540
8192,3122806,4924407891852508,4924407909312576,17462110
8192,3123965,4924407902372919,4924407919632838,17261710
8192,3122806,4924407909323766,4924407927396849,18074540
8192,3123965,4924407919762767,4924407936152673,16391659
8192,3122806,4924407927406709,4924407945451433,18015940
8192,3123965,4924407936269712,4924407955456047,19187920
8192,3122806,4924407945460922,4924407964941415,19482111
8192,3123965,4924407955588476,4924407974127356,18540361
8192,3122806,4924407964951665,4924407983367056,18416800
8192,3123965,4924407974284695,4924407991516774,17233899
8192,3122806,4924407983375906,4924408001523368,18149650
8192,3123965,4924407991653113,4924408010100353,18449370
8192,3122806,4924408001535598,4924408020862002,19303041
8192,3123965,4924408010240402,4924408027502762,17264049
8192,3122806,4924408020872042,4924408038800206,17929720
8192,3123965,4924408027597231,4924408044655202,17059919
8192,3122806,4924408038809236,4924408057132008,18324710
8192,3123965,4924408044742351,4924408061243337,16502309
8192,3122806,4924408057142438,4924408075919406,18778680
8192,3123965,4924408061342396,4924408081295935,19955191
8192,3122806,4924408075929136,4924408096383991,20456312
8192,3123965,4924408081430664,4924408101807190,20378392
8192,3122806,4924408096392911,4924408115574345,19183360
8192,3123965,4924408101930629,4924408120774786,18845420
8192,3122806,4924408115584975,4924408134426643,18824581
8192,3123965,4924408120901215,4924408139337076,18419991
8192,3122806,4924408134437513,4924408152057319,17621600
8192,3123965,4924408139477075,4924408158677569,19201840
8192,3122806,4924408152067299,4924408170631599,18566200
8192,3123965,4924408158794269,4924408177417478,18624491
8192,3122806,4924408170641979,4924408189845154,19204581
8192,3123965,4924408177550397,4924408196790351,19241731
8192,3122806,4924408189853374,4924408207248792,17397409
8192,3123965,4924408196904470,4924408217066198,20162981
8192,3122806,4924408207258152,4924408225015998,17759330
8192,3123965,4924408217193027,4924408233838351,16646679
8192,3122806,4924408225026647,4924408239477358,14452108
8192,3123965,4924408233944140,4924408251987843,18045520
8192,3122806,4924408239486958,4924408259248419,19762991
8192,3123965,4924408252117902,4924408269345082,17228790
8192,3122806,4924408259257848,4924408278857900,19602061
8192,3123965,4924408269471171,4924408289244802,19775241
8192,3122806,4924408278867980,4924408299732472,20866172
8192,3123965,4924408289371121,4924408310326632,20956972
8192,3122806,4924408299741832,4924408320649364,20909491
8192,3123965,4924408310423691,4924408330761457,20339391
8192,3122806,4924408320658504,4924408340707362,20025181
8192,3123965,4924408330909756,4924408348922860,18014860
8192,3122806,4924408340716302,4924408358152580,17437810
8192,3123965,4924408349098989,4924408368464912,19367711
8192,3122806,4924408358162520,4924408376866909,18705801
8192,3123965,4924408368586511,4924408388141463,19556401
8192,3122806,4924408376876699,4924408395494708,18619780
8192,3123965,4924408388270252,4924408408262131,19993281
8192,3122806,4924408395506518,4924408415276108,19771261
8192,3123965,4924408408400850,4924408426465813,18066310
8192,3122806,4924408415285508,4924408431625514,16341529
8192,3123965,4924408426612102,4924408444366498,17756350
8192,3122806,4924408431633974,4924408448374978,16742389
8192,3123965,4924408444498227,4924408462781959,18285260
8192,3122806,4924408448386198,4924408466964177,18579511
8192,3123965,4924408462929648,4924408480673403,17745130
8192,3122806,4924408466974187,4924408485558896,18586430
8192,3123965,4924408480790072,4924408497653035,16864630
8192,3122806,4924408485569576,4924408502318150,16750439
8192,3123965,4924408497766614,4924408514649746,16884879
8192,3122806,4924408502328830,4924408515246612,12918267
8192,3122806,4924408515252442,4924408526468177,11217317
8192,3123965,4924408514768625,4924408527261921,12494157
8192,3122806,4924408526475167,4924408541972880,15499298
8192,3123965,4924408527452219,4924408546599375,19149141
8192,3122806,4924408541982260,4924408559931624,17951130
8192,3123965,4924408546693674,4924408563780095,17087739
8192,3122806,4924408559941704,4924408576017112,16076539
8192,3123965,4924408563894774,4924408580253530,16360590
8192,3122806,4924408576024982,4924408592878805,16833570
8192,3123965,4924408580385119,4924408598407433,18006680
8192,3122806,4924408592888224,4924408609334180,16447589
8192,3123965,4924408598562571,4924408613538798,14977728
8192,3122806,4924408609344390,4924408627204405,17861710
8192,3123965,4924408613684387,4924408629593397,15910809
8192,3122806,4924408627215205,4924408644240176,17026339
8192,3123965,4924408629711716,4924408644337065,14625788
8192,3123965,4924408644431504,4924408661299967,16849980
8192,3122806,4924408644249596,4924408661337397,17059000
8192,3122806,4924408661346947,4924408678761315,17416119
8192,3123965,4924408661399956,4924408680648691,19249960
8192,3122806,4924408678771205,4924408695558278,16788680
8192,3123965,4924408680757240,4924408700338172,19559851
8192,3122806,4924408695567538,4924408713311473,17745630
8192,3123965,4924408700503180,4924408722974700,22473293
8192,3122806,4924408713321133,4924408731884373,18564980
8192,3123965,4924408723116459,4924408739628224,15187908
8192,3122806,4924408731895233,4924408748572247,16678709
8192,3123965,4924408739755323,4924408759383395,19629881
8192,3122806,4924408748581087,4924408765711627,17132090
8192,3123965,4924408759532314,4924408778225982,18657691
8192,3122806,4924408765721527,4924408788057618,22337762
8192,3123965,4924408778359321,4924408794301201,15943529
8192,3122806,4924408788067608,4924408807478571,19412921
8192,3123965,4924408794423660,4924408809910853,15488518
8192,3123965,4924408810051802,4924408822177340,12126967
8192,3122806,4924408807490061,4924408826317738,18781000
8192,3123965,4924408822255809,4924408839369970,17115730
8192,3122806,4924408826328828,4924408848721369,22394653
8192,3123965,4924408839480709,4924408856306252,16826849
8192,3122806,4924408848732379,4924408870371285,21640372
8192,3123965,4924408856385191,4924408873904418,17520390
8192,3123965,4924408873990408,4924408889049444,15026028
8192,3122806,4924408870381885,4924408889305862,18925370
8192,3123965,4924408889117313,4924408905222902,16107199
8192,3122806,4924408889315142,4924408906405713,17091960
8192,3123965,4924408905302481,4924408922112674,16811960
8192,3122806,4924408906416713,4924408924605475,18190260
8192,3123965,4924408922252533,4924408937446048,15195308
8192,3122806,4924408924615015,4924408943761420,19148331
8192,3123965,4924408937555857,4924408954074062,16519729
8192,3122806,4924408943772130,4924408964259135,20488691
8192,3123965,4924408954209771,4924408969604405,15395819
8192,3123965,4924408969702694,4924408984188544,14487208
8192,3122806,4924408964269125,4924408986319988,22011112
8192,3123965,4924408984244834,4924408998742224,14498428
8192,3122806,4924408986329928,4924409004659929,18331860
8192,3123965,4924408998827684,4924409013953909,15127749
8192,3122806,4924409004670689,4924409018324886,13655458
8192,3123965,4924409014082668,4924409028076642,13995127
8192,3122806,4924409018334866,4924409038447374,20114151
8192,3123965,4924409028171411,4924409042475403,14305278
8192,3122806,4924409038457604,4924409059356636,20900422
8192,3123965,4924409042566033,4924409060519727,17955040
8192,3123965,4924409060651456,4924409078067184,17417269
8192,3122806,4924409059366656,4924409078160373,18795230
8192,3123965,4924409078134354,4924409095881269,17728610
8192,3122806,4924409078171523,4924409101106540,22936783
8192,3123965,4924409095985218,4924409113806664,17822890
8192,3122806,4924409101117980,4924409122790426,21674172
8192,3123965,4924409113924663,4924409133254437,19331081
8192,3122806,4924409122801516,4924409144214354,21414122
8192,3123965,4924409133355206,4924409150993342,17639430
8192,3122806,4924409144224444,4924409163218630,18976200
8192,3123965,4924409151154221,4924409167785585,16632869
8192,3122806,4924409163228590,4924409182315885,19089031
8192,3123965,4924409167944254,4924409184532509,16590169
8192,3122806,4924409182326565,4924409200095411,17770290
8192,3123965,4924409184653778,4924409203337766,18685691
8192,3122806,4924409200104251,4924409221117452,21014832
8192,3123965,4924409203498335,4924409222159694,18662540
8192,3123965,4924409222283193,4924409239232985,16951150
8192,3122806,4924409221127692,4924409241321009,20194831
8192,3123965,4924409239303344,4924409254277191,14975108
8192,3122806,4924409241331019,4924409261408197,20078981
8192,3123965,4924409254411320,4924409271775779,17365990
8192,3122806,4924409261418447,4924409282306089,20889002
8192,3123965,4924409271912608,4924409290281219,18369880
8192,3122806,4924409282315499,4924409302507946,20193831
8192,3123965,4924409290404198,4924409305544523,15141519
8192,3122806,4924409302516576,4924409320436921,17921810
8192,3123965,4924409305666842,4924409326100478,20402991
8192,3122806,4924409320447530,4924409339743474,19297151
8192,3123965,4924409326233307,4924409345065214,18801071
8192,3122806,4924409339752584,4924409359560654,19809501
8192,3123965,4924409345203883,4924409363849872,18647380
8192,3122806,4924409359571014,4924409378078504,18509040
8192,3123965,4924409363959371,4924409383147296,19189531
8192,3122806,4924409378089644,4924409399666471,21578562
8192,3123965,4924409383272935,4924409402511100,19239660
8192,3122806,4924409399676421,4924409422445029,22770193
8192,3123965,4924409402662478,4924409422448449,19764401
8192,3123965,4924409422595638,4924409444947719,22353892
8192,3122806,4924409422455069,4924409445051738,22597172
8192,3122806,4924409445095417,4924409465520493,20426921
8192,3123965,4924409445060678,4924409465652562,20567702
8192,3122806,4924409465530673,4924409485808240,20279262
8192,3123965,4924409465839521,4924409485839259,20000691
8192,3123965,4924409485918759,4924409506136666,20219301
8192,3122806,4924409485818560,4924409506424024,20606001
8192,3123965,4924409506197105,4924409522274554,16078679
8192,3122806,4924409506430704,4924409525219061,18790101
8192,3123965,4924409522371553,4924409541674737,19304581
8192,3122806,4924409525228321,4924409544119868,18893130
8192,3123965,4924409541804716,4924409559913129,18109900
8192,3122806,4924409544129398,4924409561401168,17273160
8192,3123965,4924409560039458,4924409580751031,20686791
8192,3122806,4924409561409708,4924409581099719,19691311
8192,3122806,4924409581109739,4924409601394715,20286711
8192,3123965,4924409580874331,4924409602997983,22125132
8192,3122806,4924409601404045,4924409621926040,20523431
8192,3123965,4924409603187152,4924409625380024,22194222
8192,3122806,4924409621936970,4924409640916366,18980691
8192,3123965,4924409625515613,4924409647213119,21699032
8192,3122806,4924409640926296,4924409663761433,22837103
8192,3123965,4924409647307328,4924409666504703,19178211
8192,3122806,4924409663774643,4924409686477182,22680622
8192,3123965,4924409666643362,4924409686685490,19505641
8192,3123965,4924409686827059,4924409708082698,21240062
8192,3122806,4924409686487382,4924409708521825,22035592
8192,3123965,4924409708167957,4924409727268393,19102231
8192,3122806,4924409708532215,4924409728980980,20450372
8192,3122806,4924409728990490,4924409746132700,17143669
8192,3123965,4924409727358882,4924409749916072,20926891
8192,3122806,4924409746141760,4924409761648003,15507819
8192,3123965,4924409750134770,4924409768803869,18624300
8192,3122806,4924409761658103,4924409781188885,19531981
8192,3123965,4924409768919518,4924409786867662,17949760
8192,3122806,4924409781197985,4924409799631166,18434870
8192,3123965,4924409787035131,4924409803270468,16216179
8192,3123965,4924409803391047,4924409819498085,16067909
8192,3122806,4924409799641816,4924409819627924,19933921
8192,3123965,4924409819549555,4924409839014568,19466411
8192,3122806,4924409819640344,4924409840775964,21136952
8192,3123965,4924409839132627,4924409856318747,17187980
8192,3122806,4924409840786314,4924409857676117,16891279
8192,3123965,4924409856443726,4924409869770575,13328297
8192,3122806,4924409857686997,4924409875184074,17498550
8192,3123965,4924409869904584,4924409887378042,17475170
8192,3122806,4924409875195554,4924409894952805,19759291
8192,3123965,4924409887518681,4924409905110388,17593130
8192,3122806,4924409894964625,4924409914730465,19767301
8192,3123965,4924409905240347,4924409925722862,20442381
8192,3122806,4924409914741075,4924409935315199,20544331
8192,3123965,4924409925851941,4924409945545852,19695521
8192,3122806,4924409935325849,4924409954912621,19588831
8192,3123965,4924409945685501,4924409966136906,20430312
8192,3122806,4924409954924201,4924409973964167,19041421
8192,3123965,4924409966273545,4924409983598494,17302899
8192,3122806,4924409973973387,4924409991570934,17575410
8192,3123965,4924409983755303,4924410002829639,19076131
8192,3122806,4924409991580624,4924410009396319,17817890
8192,3123965,4924410002959248,4924410021046631,18089080
8192,3122806,4924410009407029,4924410027091055,17686739
8192,3123965,4924410021179010,4924410037948433,16771150
8192,3122806,4924410027102085,4924410041370667,14270048
8192,3123965,4924410038097992,4924410053311957,15215868
8192,3122806,4924410041379057,4924410055595989,14218298
8192,3123965,4924410053394246,4924410070537646,17144900
8192,3122806,4924410055602319,4924410072185804,16584920
8192,3122806,4924410072194734,4924410088609040,16416229
8192,3123965,4924410070663196,4924410088833768,18171330
8192,3122806,4924410088620640,4924410107190309,18571580
8192,3123965,4924410088951347,4924410107256349,18305860
8192,3122806,4924410107201009,4924410123931583,16712289
8192,3123965,4924410107388618,4924410124548778,17160970
8192,3122806,4924410123941462,4924410139879722,15940289
8192,3123965,4924410124665897,4924410141871957,17207989
8192,3122806,4924410139887992,4924410155974740,16089739
8192,3123965,4924410141976496,4924410159427364,17452450
8192,3122806,4924410155986310,4924410172251397,16267059
8192,3123965,4924410159552153,4924410176434795,16884469
8192,3122806,4924410172258847,4924410191109314,18852031
8192,3123965,4924410176562444,4924410195334532,18757560
8192,3122806,4924410191117344,4924410209884782,18769250
8192,3123965,4924410195437092,4924410214859395,19423861
8192,3122806,4924410209893312,4924410227867796,17975790
8192,3123965,4924410214970474,4924410235078462,20080761
8192,3122806,4924410227875546,4924410246483406,18609240
8192,3123965,4924410235215531,4924410253006956,17793140
8192,3122806,4924410246492075,4924410265547301,19056651
8192,3123965,4924410253132655,4924410271977813,18847031
8192,3122806,4924410265556561,4924410284189660,18634710
8192,3123965,4924410272089062,4924410291473555,19386390
8192,3122806,4924410284198630,4924410302510092,18313391
8192,3123965,4924410291607754,4924410307883251,16277320
8192,3122806,4924410302520522,4924410322325892,19806631
8192,3123965,4924410307960831,4924410326950567,18991550
8192,3122806,4924410322335202,4924410341542187,19208690
8192,3123965,4924410327086636,4924410346623138,19538141
8192,3122806,4924410341552396,4924410359874068,18323210
8192,3123965,4924410346771837,4924410366329069,19558751
8192,3122806,4924410359883268,4924410376940579,17030250
8192,3123965,4924410366457748,4924410385514404,19058481
8192,3122806,4924410376949049,4924410393851091,16903609
8192,3123965,4924410385637653,4924410405394683,19758561
8192,3122806,4924410393860161,4924410411764805,17906540
8192,3123965,4924410405535472,4924410424485069,18951040
8192,3122806,4924410411774105,4924410428494099,16721490
8192,3123965,4924410424618948,4924410444301379,19662691
8192,3122806,4924410428503509,4924410446491403,17989150
8192,3123965,4924410444407848,4924410463738002,19331751
8192,3122806,4924410446500603,4924410466743090,20244091
8192,3123965,4924410463848441,4924410481801056,17954780
8192,3122806,4924410466752849,4924410485941214,19190440
8192,3123965,4924410481913215,4924410498774927,16863490
8192,3122806,4924410485952724,4924410504381325,18430061
8192,3123965,4924410498920856,4924410516345844,17426309
8192,3122806,4924410504390165,4924410523295242,18906670
8192,3123965,4924410516458574,4924410535657548,19200801
8192,3122806,4924410523305092,4924410542784944,19481341
8192,3123965,4924410535775277,4924410554771144,18977991
8192,3122806,4924410542795454,4924410562432486,19638461
8192,3123965,4924410554891863,4924410574773912,19883501
8192,3122806,4924410562441676,4924410582138217,19698351
8192,3123965,4924410574898871,4924410596051511,21127952
8192,3122806,4924410582148547,4924410602181025,20034241
8192,3123965,4924410596168691,4924410618634441,22467262
8192,3122806,4924410602191745,4924410622219404,20028801
8192,3123965,4924410618758420,4924410638754109,19997141
8192,3122806,4924410622228804,4924410640912372,18648911
8192,3123965,4924410638862238,4924410656358075,17497250
8192,3122806,4924410640922092,4924410662495159,21547972
8192,3123965,4924410656480864,4924410676307864,19828491
8192,3122806,4924410662507309,4924410685507825,23002162
8192,3123965,4924410676444263,4924410695529559,19086561
8192,3122806,4924410685518715,4924410710326697,24809604
8192,3123965,4924410695640918,4924410713112686,17473160
8192,3122806,4924410710336667,4924410734247836,23913103
8192,3123965,4924410713214125,4924410735242759,22011312
8192,3123965,4924410735371238,4924410757023424,21630372
8192,3122806,4924410734258936,4924410758941099,24663594
8192,3123965,4924410757105883,4924410775241836,18137440
8192,3122806,4924410758950389,4924410779806012,20831842
8192,3123965,4924410775376385,4924410793708886,18312130
8192,3122806,4924410779816321,4924410800675924,20838601
8192,3123965,4924410793847535,4924410811861569,17964700
8192,3122806,4924410800685724,4924410822670047,21936643
8192,3123965,4924410811958808,4924410829910433,17952980
8192,3123965,4924410830053792,4924410842691826,12606517
8192,3122806,4924410822680167,4924410843110223,20431461
8192,3123965,4924410842754695,4924410861167666,18396140
8192,3122806,4924410843119563,4924410866723744,23605863
8192,3123965,4924410861288415,4924410880742578,19441271
8192,3122806,4924410866734044,4924410888298071,21565152
8192,3123965,4924410880889017,4924410902419844,21532282
8192,3122806,4924410888307721,4924410910597042,22291062
8192,3123965,4924410902577803,4924410923082008,20505581
8192,3122806,4924410910608422,4924410930807289,20200362
8192,3123965,4924410923204937,4924410946353112,23149613
8192,3122806,4924410930818809,4924410952896052,22039432
8192,3123965,4924410946513101,4924410968875392,22363733
8192,3122806,4924410952906412,4924410970169242,17263929
8192,3123965,4924410969034910,4924410988781961,19748421
8192,3122806,4924410970178552,4924410990723276,20546262
8192,3123965,4924410988935390,4924411009485394,20551631
8192,3122806,4924410990733286,4924411013189156,22457352
8192,3123965,4924411009623953,4924411032704709,23059293
8192,3122806,4924411013197996,4924411034795413,21598902
8192,3123965,4924411032840228,4924411049298253,16459519
8192,3122806,4924411034803423,4924411057509921,22708393
8192,3123965,4924411049417642,4924411069871118,20455321
8192,3122806,4924411057519651,4924411077407301,19889361
8192,3123965,4924411070030257,4924411090464262,20435491
8192,3122806,4924411077419551,4924411097213941,19795791
8192,3123965,4924411090567291,4924411109090191,18325781
8192,3122806,4924411097223041,4924411111745021,14523848
8192,3123965,4924411109233580,4924411123741460,14509578
8192,3122806,4924411111755291,4924411128538544,16784799
8192,3123965,4924411123880069,4924411141898003,18001150
8192,3122806,4924411128549784,4924411141922413,13356068
8192,3122806,4924411141930963,4924411157115838,15186338
8192,3123965,4924411142099271,4924411159457130,17359120
8192,3122806,4924411157126348,4924411174472237,17347220
8192,3123965,4924411159577399,4924411176194144,16618039
8192,3122806,4924411174480696,4924411190952552,16474509
8192,3123965,4924411176303033,4924411190997291,14694858
8192,3123965,4924411191113460,4924411201929419,10817366
8192,3122806,4924411190966452,4924411210919021,19953991
8192,3123965,4924411202024258,4924411214888191,12865807
8192,3122806,4924411210929451,4924411227531405,16603979
8192,3123965,4924411215056319,4924411231545015,16490979
8192,3122806,4924411227541805,4924411242718730,15178949
8192,3123965,4924411231666154,4924411250477222,18747140
8192,3122806,4924411242729950,4924411262656530,19928171
8192,3123965,4924411250629340,4924411269107371,18479201
8192,3122806,4924411262668399,4924411280861972,18194900
8192,3123965,4924411269215460,4924411287778559,18175210
8192,3122806,4924411280872692,4924411297844793,16973380
8192,3123965,4924411287892279,4924411309388356,21498712
8192,3122806,4924411297854533,4924411316696821,18843570
8192,3123965,4924411309522995,4924411331515779,21994292
8192,3122806,4924411316706901,4924411337469844,20764832
8192,3123965,4924411331656748,4924411353415863,21739452
8192,3122806,4924411337481294,4924411357906479,20427051
8192,3123965,4924411353549832,4924411370575683,17001149
8192,3122806,4924411357917339,4924411375034930,17118979
8192,3123965,4924411370688162,4924411387535305,16848389
8192,3122806,4924411375044109,4924411390759331,15716979
8192,3123965,4924411387663744,4924411403444995,15763839
8192,3122806,4924411390770820,4924411407050157,16281089
8192,3123965,4924411403576864,4924411418919168,15343669
8192,3122806,4924411407060377,4924411422821048,15762409
8192,3123965,4924411419093306,4924411436754983,17640840
8192,3122806,4924411422833948,4924411441592876,18760240
8192,3123965,4924411436902232,4924411454356400,17424310
8192,3122806,4924411441602216,4924411456869120,15268079
8192,3122806,4924411456877060,4924411470306479,13431187
8192,3123965,4924411454498448,4924411470685186,16187349
8192,3122806,4924411470314149,4924411483437550,13124778
8192,3123965,4924411470885315,4924411485360115,14476298
8192,3122806,4924411483446070,4924411496557280,13112517
8192,3123965,4924411485507974,4924411500963587,15433058
8192,3122806,4924411496565430,4924411512418410,15854409
8192,3123965,4924411501123176,4924411518014308,16846399
8192,3122806,4924411512428860,4924411529680010,17253049
8192,3123965,4924411518128077,4924411535980392,17854390
8192,3122806,4924411529690810,4924411546403003,16713560
8192,3123965,4924411536100801,4924411553074363,16975069
8192,3122806,4924411546412483,4924411565838336,19427940
8192,3123965,4924411553188542,4924411573135881,19948982
8192,3122806,4924411565849456,4924411583705481,17857490
8192,3123965,4924411573285160,4924411591807090,18501440
8192,3122806,4924411583714361,4924411601514367,17801350
8192,3123965,4924411591896149,4924411608077277,16182389
8192,3122806,4924411601523697,4924411618990795,17469610
8192,3123965,4924411608168086,4924411624633192,16444839
8192,3122806,4924411619010964,4924411637578134,18568550
8192,3123965,4924411624757661,4924411638650136,13894058
8192,3122806,4924411637587554,4924411653730202,16116859
8192,3123965,4924411638792735,4924411656322332,17531240
8192,3122806,4924411653740202,4924411669168915,15430179
8192,3123965,4924411656441141,4924411675387718,18947860
8192,3122806,4924411669177765,4924411687012610,17836560
8192,3123965,4924411675528467,4924411695276028,19749261
8192,3122806,4924411687024010,4924411705248822,18226210
8192,3123965,4924411695425556,4924411710359423,14935249
8192,3122806,4924411705258322,4924411721849086,16592289
8192,3123965,4924411710510222,4924411724333878,13824978
8192,3122806,4924411721859636,4924411739201315,17343130
8192,3123965,4924411724454287,4924411744415496,19940211
8192,3122806,4924411739210475,4924411757056540,17847780
8192,3123965,4924411744587015,4924411764215556,19611241
8192,3122806,4924411757066180,4924411776301765,19236870
8192,3123965,4924411764324025,4924411782845825,18523120
8192,3122806,4924411776310025,4924411794198999,17890430
8192,3123965,4924411783009704,4924411801626313,18618120
8192,3122806,4924411794207349,4924411809910480,15705179
8192,3123965,4924411801750762,4924411820722269,18973040
8192,3122806,4924411809920690,4924411827029651,17066390
8192,3123965,4924411820884528,4924411841474682,20570002
8192,3122806,4924411827039021,4924411844961655,17924440
8192,3123965,4924411841583921,4924411858896420,17314259
8192,3122806,4924411844973875,4924411864110831,19138270
8192,3123965,4924411859029199,4924411875357516,16329929
8192,3122806,4924411864119861,4924411886980798,22862373
8192,3123965,4924411875485015,4924411892085839,16580009
8192,3122806,4924411886991348,4924411906282562,19292391
8192,3123965,4924411892205128,4924411911046826,18843050
8192,3122806,4924411906291742,4924411927730439,21412352
8192,3123965,4924411911141015,4924411932173456,21012422
8192,3122806,4924411927740099,4924411948418793,20680451
8192,3123965,4924411932311835,4924411953524914,21214832
8192,3122806,4924411948429093,4924411969361125,20864162
8192,3123965,4924411953653073,4924411972666770,18994351
8192,3122806,4924411969370905,4924411990840292,21471482
8192,3123965,4924411972786019,4924411993258374,20474061
8192,3122806,4924411990850082,4924412002862741,12014406
8192,3123965,4924411993390623,4924412009332822,15944149
8192,3122806,4924412002873861,4924412022378704,19482571
8192,3123965,4924412009477901,4924412025851177,16352349
8192,3122806,4924412022388674,4924412039994490,17607160
8192,3123965,4924412025990886,4924412045599628,19610081
8192,3122806,4924412040011300,4924412059178385,19168591
8192,3123965,4924412045751617,4924412064068448,18318530
8192,3122806,4924412059187985,4924412079386592,20200181
8192,3123965,4924412064190587,4924412086545098,22355843
8192,3122806,4924412079397232,4924412098172810,18777160
8192,3123965,4924412086707457,4924412106369158,19644491
8192,3122806,4924412098183800,4924412119378120,21176452
8192,3123965,4924412106471648,4924412128865548,22396572
8192,3122806,4924412119388420,4924412136398961,17011999
8192,3123965,4924412128990777,4924412151807445,22798513
8192,3122806,4924412136409461,4924412156893476,20485632
8192,3123965,4924412151937304,4924412174784361,22809722
8192,3122806,4924412156904576,4924412176870435,19967231
8192,3123965,4924412174925410,4924412196292838,21368722
8192,3122806,4924412176879625,4924412196311578,19433781
8192,3122806,4924412196322558,4924412217991024,21670162
8192,3123965,4924412196502357,4924412218067724,21566862
8192,3123965,4924412218164273,4924412239503151,21340702
8192,3122806,4924412218010404,4924412239570261,21561202
8192,3122806,4924412239581121,4924412258322679,18742950
8192,3123965,4924412239571391,4924412259727339,20157421
8192,3122806,4924412258331639,4924412277859781,19530051
8192,3123965,4924412259908607,4924412281420184,21513422
8192,3122806,4924412277871201,4924412298288917,20419051
8192,3123965,4924412281555393,4924412301985489,20431931
8192,3122806,4924412298298377,4924412318947091,20650252
8192,3123965,4924412302105348,4924412323019950,20915991
8192,3122806,4924412318957491,4924412338554392,19599061
8192,3123965,4924412323119949,4924412344807215,21688812
8192,3122806,4924412338565412,4924412356557066,17993230
8192,3123965,4924412344944714,4924412363437904,18475061
8192,3122806,4924412356567076,4924412378149783,21584042
8192,3123965,4924412363565653,4924412384442415,20878391
8192,3122806,4924412378160843,4924412399616571,21457482
8192,3123965,4924412384565864,4924412402687717,18123410
8192,3122806,4924412399627411,4924412419363241,19737271
8192,3123965,4924412402810116,4924412425915482,23106982
8192,3122806,4924412419373201,4924412438433727,19061770
8192,3123965,4924412426092100,4924412448706009,22615313
8192,3122806,4924412438441987,4924412458731374,20291162
8192,3123965,4924412448846428,4924412470301936,21457022
8192,3122806,4924412458741774,4924412478872821,20133071
8192,3123965,4924412470420895,4924412492526708,22107002
8192,3122806,4924412478883561,4924412499896992,21014751
8192,3123965,4924412492662507,4924412512991543,20330542
8192,3122806,4924412499908242,4924412520912823,21006382
8192,3123965,4924412513131452,4924412533401819,20271791
8192,3122806,4924412520923893,4924412541174320,20251721
8192,3122806,4924412541183120,4924412555529862,14348148
8192,3123965,4924412533542228,4924412556174847,22634103
8192,3123965,4924412556397465,4924412573944852,17548860
8192,3122806,4924412555540901,4924412574464278,18924841
8192,3123965,4924412574014262,4924412591804457,17774710
8192,3122806,4924412574474338,4924412593392415,18897900
8192,3123965,4924412591926546,4924412609584333,17659789
8192,3122806,4924412593402505,4924412610605285,17204090
8192,3123965,4924412609688562,4924412626580084,16869480
8192,3122806,4924412610614285,4924412631696426,21083432
8192,3123965,4924412626701883,4924412645762509,19062091
8192,3122806,4924412631706795,4924412650386504,18681200
8192,3123965,4924412645892048,4924412667737723,21847072
8192,3122806,4924412650396174,4924412668486707,18092010
8192,3122806,4924412668495347,4924412684703205,16209029
8192,3123965,4924412667872032,4924412689528118,21629212
8192,3122806,4924412684712825,4924412699972189,15260839
8192,3123965,4924412689721397,4924412710792997,21073522
8192,3122806,4924412699982369,4924412718223901,18243470
8192,3123965,4924412710920476,4924412731029984,20111001
8192,3122806,4924412718234131,4924412733647095,15414358
8192,3122806,4924412733656214,4924412749364706,15709919
8192,3123965,4924412731164123,4924412751084643,19921781
8192,3123965,4924412751272381,4924412765413494,14142838
8192,3122806,4924412749375356,4924412766793754,17419660
8192,3123965,4924412765500154,4924412780016464,14518118
8192,3122806,4924412766802114,4924412784147883,17347099
8192,3123965,4924412780140693,4924412794153297,14014258
8192,3122806,4924412784157093,4924412798966661,14811049
8192,3123965,4924412794291116,4924412803436197,9146405
8192,3122806,4924412798978151,4924412811619305,12642687
8192,3123965,4924412803547996,4924412815788643,12197147
8192,3122806,4924412811628905,4924412830100355,18472920
8192,3123965,4924412815908913,4924412831167327,15259729
8192,3122806,4924412830110375,4924412845403969,15294978
8192,3123965,4924412831309246,4924412847575733,16267769
8192,3122806,4924412845413269,4924412860484965,15073399
8192,3123965,4924412847722712,4924412865649986,17928980
8192,3122806,4924412860494125,4924412878106302,17613880
8192,3123965,4924412865780485,4924412882980495,17201569
8192,3122806,4924412878118102,4924412893269887,15153028
8192,3123965,4924412883131654,4924412897116438,13986148
8192,3122806,4924412893280507,4924412909146707,15867649
8192,3123965,4924412897244117,4924412913407775,16164819
8192,3122806,4924412909157507,4924412926796374,17640280
8192,3123965,4924412913528964,4924412931725317,18197550
8192,3122806,4924412926808594,4924412943022481,16215429
8192,3123965,4924412931864696,4924412946283666,14384158
8192,3122806,4924412943032761,4924412954976951,11945446
8192,3123965,4924412946408296,4924412962680763,16274209
8192,3122806,4924412954986701,4924412970369304,15384109
8192,3123965,4924412962781392,4924412979705464,16925559
8192,3122806,4924412970379454,4924412986561622,16183839
8192,3123965,4924412979840403,4924412996891074,17051960
8192,3122806,4924412986571522,4924413000739145,14169238
8192,3123965,4924412997012393,4924413008153989,11142896
8192,3122806,4924413000750065,4924413020957172,20208581
8192,3123965,4924413008243748,4924413026226532,17983900
8192,3122806,4924413020968022,4924413037421747,16455179
8192,3123965,4924413026362801,4924413040311805,13950328
8192,3122806,4924413037430887,4924413054233360,16803959
8192,3123965,4924413040413915,4924413057595245,17182579
8192,3122806,4924413054243280,4924413073049418,18807871
8192,3123965,4924413057686734,4924413074467637,16782110
8192,3122806,4924413073059458,4924413092692499,19634871
8192,3123965,4924413074572876,4924413094466386,19895181
8192,3123965,4924413094581605,4924413112967336,18387290
8192,3122806,4924413092703129,4924413113345283,20643571
8192,3123965,4924413113038356,4924413133260803,20206611
8192,3122806,4924413113354163,4924413133447141,20074561
8192,3122806,4924413133458361,4924413154459002,21002142
8192,3123965,4924413133354632,4924413154475762,21122612
8192,3122806,4924413154469072,4924413174967127,20499482
8192,3123965,4924413154661731,4924413177685107,23025243
8192,3122806,4924413174978087,4924413195177374,20200631
8192,3123965,4924413177784446,4924413200146187,22363213
8192,3122806,4924413195187704,4924413215302042,20115641
8192,3123965,4924413200298206,4924413220666872,20370261
8192,3122806,4924413215311902,4924413237327316,22016852
8192,3123965,4924413220793871,4924413242893403,22101302
8192,3122806,4924413237338096,4924413259220090,21883262
8192,3123965,4924413243008413,4924413264891467,21884633
8192,3122806,4924413259229170,4924413279466817,20239182
8192,3123965,4924413265033706,4924413287217738,22185582
8192,3122806,4924413279476987,4924413295474666,15999249
8192,3123965,4924413287353877,4924413308648946,21296792
8192,3122806,4924413295484686,4924413314316953,18833670
8192,3123965,4924413308781925,4924413330294393,21513772
8192,3122806,4924413314326203,4924413334507601,20162121
8192,3123965,4924413330406912,4924413353511287,23105853
8192,3122806,4924413334518571,4924413354314401,19797161
8192,3122806,4924413354322581,4924413365556786,11235326
8192,3123965,4924413353631386,4924413374443529,20813551
8192,3122806,4924413365564916,4924413375523031,9959436
8192,3123965,4924413374674177,4924413386497078,11824476
8192,3122806,4924413375530451,4924413387119023,11589766
8192,3123965,4924413386591207,4924413396833119,10243216
8192,3122806,4924413387126733,4924413398057260,10931737
8192,3123965,4924413396950639,4924413408762479,11813186
8192,3122806,4924413398065060,4924413409780621,11716936
8192,3123965,4924413408847448,4924413418199808,9353566
8192,3122806,4924413409788691,4924413422307677,12520467
8192,3123965,4924413418329497,4924413427814465,9486045
8192,3122806,4924413422318847,4924413434483385,12165897
8192,3123965,4924413427916764,4924413437452122,9536945
8192,3122806,4924413434494395,4924413447142239,12649157
8192,3123965,4924413437534282,4924413448229511,10696456
8192,3123965,4924413448350660,4924413459164298,10815036
8192,3122806,4924413447152039,4924413460202360,13051607
8192,3123965,4924413459223688,4924413470787860,11566087
8192,3122806,4924413460211710,4924413472062200,11851677
8192,3123965,4924413470929069,4924413482039295,11111336
8192,3122806,4924413472071090,4924413483518724,11449066
8192,3122806,4924413483528384,4924413494074244,10547276
8192,3123965,4924413482152514,4924413494264133,12112767
8192,3122806,4924413494082254,4924413504654024,10573246
8192,3123965,4924413494429051,4924413506248722,11820977
8192,3122806,4924413504664654,4924413516274976,11611806
8192,3123965,4924413506334151,4924413518013163,11680116
8192,3122806,4924413516284826,4924413527496641,11213316
8192,3123965,4924413518107452,4924413529574316,11468207
8192,3122806,4924413527507881,4924413539200293,11693437
8192,3123965,4924413529679625,4924413540318704,10640446
8192,3122806,4924413539209733,4924413550393738,11185336
8192,3123965,4924413540456883,4924413551480680,11025246
8192,3122806,4924413550404058,4924413561088337,10685806
8192,3123965,4924413551600569,4924413574283268,22684082
8192,3122806,4924413561100067,4924413584824038,23725913
8192,3123965,4924413574421097,4924413591367538,16947820
8192,3122806,4924413584834378,4924413602026298,17193580
8192,3123965,4924413591478398,4924413610544703,19067891
8192,3122806,4924413602037448,4924413619738324,17702480
8192,3123965,4924413610660123,4924413629191422,18532630
8192,3122806,4924413619748554,4924413633060723,13313717
8192,3123965,4924413629300122,4924413647553584,18231830
8192,3122806,4924413633070393,4924413651646913,18577990
8192,3123965,4924413647661373,4924413668140188,20480462
8192,3122806,4924413651658422,4924413668404106,16747110
8192,3123965,4924413668273557,4924413680579454,12307766
8192,3122806,4924413668415376,4924413682696798,14282758
8192,3123965,4924413680720233,4924413694352200,13633437
8192,3122806,4924413682707018,4924413700650242,17944750
8192,3123965,4924413694490179,4924413714865885,20377732
8192,3122806,4924413700661172,4924413717574594,16914559
8192,3122806,4924413717584434,4924413730930153,13347157
8192,3123965,4924413715019413,4924413732397942,17380229
8192,3122806,4924413730938683,4924413742527745,11590207
8192,3123965,4924413732596060,4924413748537060,15942509
8192,3122806,4924413742537515,4924413756286951,13750758
8192,3123965,4924413748665109,4924413764797317,16133859
8192,3122806,4924413756296991,4924413775153459,18857710
8192,3123965,4924413764934856,4924413784914615,19981671
8192,3122806,4924413775162389,4924413790385014,15224498
8192,3122806,4924413790396283,4924413804084660,13689608
8192,3123965,4924413785077324,4924413804652406,19576350
8192,3122806,4924413804093950,4924413820385267,16292509
8192,3123965,4924413804863324,4924413822183083,17275419
8192,3122806,4924413820395977,4924413834940567,14546348
8192,3123965,4924413822321082,4924413840429925,18110630
8192,3122806,4924413834952707,4924413854202861,19251601
8192,3123965,4924413840550604,4924413860142166,19593121
8192,3122806,4924413854212921,4924413872816650,18605440
8192,3123965,4924413860259555,4924413877151107,16893420
8192,3122806,4924413872827030,4924413887670288,14844879
8192,3123965,4924413877300076,4924413892193974,14895498
8192,3122806,4924413887679318,4924413897563733,9886025
8192,3123965,4924413892344772,4924413908120863,15777279
8192,3122806,4924413897574443,4924413914230297,16657559
8192,3123965,4924413908264072,4924413925391303,17128710
8192,3122806,4924413914241077,4924413931504446,17264830
8192,3123965,4924413925524422,4924413937209653,11686566
8192,3122806,4924413931513926,4924413949560460,18047990
8192,3123965,4924413937315203,4924413950812660,13499278
8192,3122806,4924413949572220,4924413961768518,12197847
8192,3123965,4924413950950799,4924413967446545,16461269
8192,3122806,4924413961780107,4924413976382107,14604018
8192,3123965,4924413967578464,4924413984826283,17249620
8192,3122806,4924413976393137,4924413993693116,17301229
8192,3123965,4924413984942552,4924414003401563,18460340
8192,3122806,4924413993702336,4924414009655755,15955089
8192,3123965,4924414003478192,4924414020611553,17135019
8192,3122806,4924414009663395,4924414024352784,14691238
8192,3122806,4924414024363764,4924414040947169,16584940
8192,3123965,4924414020722282,4924414041479905,20758902
8192,3123965,4924414041629864,4924414057771692,16143369
8192,3122806,4924414040956359,4924414061295285,20340561
8192,3123965,4924414057864301,4924414074044608,16181669
8192,3122806,4924414061305975,4924414076188282,14883728
8192,3122806,4924414076197582,4924414091634966,15439069
8192,3123965,4924414074164288,4924414091841054,17678050
8192,3122806,4924414091644096,4924414109996467,18353980
8192,3123965,4924414092064092,4924414110133046,18070170
8192,3123965,4924414110230415,4924414126453842,16225179
8192,3122806,4924414110017727,4924414127194207,17177630
8192,3123965,4924414126560641,4924414145198661,18639701
8192,3122806,4924414127204657,4924414147388484,20184911
8192,3122806,4924414147398334,4924414162551169,15133318
8192,3123965,4924414145345389,4924414162966176,17576080
8192,3123965,4924414163149285,4924414179062584,15914688
8192,3122806,4924414162559989,4924414180134106,17575460
8192,3123965,4924414179149254,4924414196822840,17674919
8192,3122806,4924414180144106,4924414198928334,18785840
8192,3123965,4924414196962159,4924414217565323,20605092
8192,3122806,4924414198936594,4924414218551726,19616481
8192,3123965,4924414217697412,4924414238560745,20864852
8192,3122806,4924414218561066,4924414239558507,20998702
8192,3122806,4924414239566527,4924414260734537,21169642
8192,3123965,4924414238695354,4924414261313253,22619082
8192,3122806,4924414260743977,4924414280695436,19953001
8192,3123965,4924414261534921,4924414284369858,22811883
8192,3122806,4924414280704806,4924414299155226,18452150
8192,3123965,4924414284486107,4924414304751274,20266651
8192,3122806,4924414299164496,4924414318495420,19332601
8192,3123965,4924414304890693,4924414328719393,23830454
8192,3122806,4924414318506340,4924414340266176,21761272
8192,3123965,4924414328832522,4924414350869885,22038862
8192,3122806,4924414340275325,4924414361036478,20762942
8192,3123965,4924414350985245,4924414374448337,23464643
8192,3122806,4924414361047238,4924414379794697,18748970
8192,3123965,4924414374550056,4924414395881805,21333462
8192,3122806,4924414379805087,4924414396964747,17161190
8192,3122806,4924414396973767,4924414414053778,17081299
8192,3123965,4924414396019054,4924414417210444,21192872
8192,3122806,4924414414062138,4924414435929892,21869412
8192,3123965,4924414417457452,4924414437676809,20220831
8192,3122806,4924414435941272,4924414458260053,22320233
8192,3123965,4924414437792158,4924414459329065,21538632
8192,3122806,4924414458271333,4924414479697601,21427901
8192,3123965,4924414459431505,4924414481977184,22547233
8192,3122806,4924414479707501,4924414500306715,20600381
8192,3123965,4924414482120193,4924414503130654,21011782
8192,3122806,4924414500314985,4924414519488120,19175091
8192,3123965,4924414503256473,4924414526891544,23636343
8192,3122806,4924414519498460,4924414538975253,19478520
8192,3123965,4924414527032473,4924414547762957,20731741
8192,3122806,4924414538986053,4924414559699936,20715122
8192,3123965,4924414547882646,4924414567245699,19325591
8192,3122806,4924414559710516,4924414579363568,19654741
8192,3123965,4924414567348208,4924414588353760,20935772
8192,3122806,4924414579373018,4924414598653762,19282331
8192,3123965,4924414588477339,4924414610688781,22213162
8192,3122806,4924414598664212,4924414616439947,17759599
8192,3123965,4924414610981529,4924414628876823,17653700
8192,3122806,4924414616449347,4924414633922405,17474690
8192,3123965,4924414629032942,4924414647697021,18665521
8192,3122806,4924414633932205,4924414652767883,18837691
8192,3123965,4924414647820380,4924414668757092,20901202
8192,3122806,4924414652777483,4924414670671117,17895320
8192,3123965,4924414668873841,4924414690630316,21757892
8192,3122806,4924414670679057,4924414691286701,20609021
8192,3122806,4924414691295301,4924414712039445,20745922
8192,3123965,4924414690759225,4924414712997697,22239992
8192,3122806,4924414712048894,4924414730932582,18885400
8192,3123965,4924414713225226,4924414731338549,18114550
8192,3122806,4924414730942832,4924414746281476,15339999
8192,3123965,4924414731452148,4924414752831926,21381162
8192,3122806,4924414746289016,4924414763692144,17404509
8192,3123965,4924414752963545,4924414774754020,21791702
8192,3122806,4924414763700674,4924414783029198,19329941
8192,3123965,4924414774870409,4924414796536476,21667932
8192,3122806,4924414783040518,4924414804090149,21051162
8192,3123965,4924414796653625,4924414817077090,20386221
8192,3122806,4924414804100349,4924414824415095,20316141
8192,3123965,4924414817183090,4924414838776496,21594662
8192,3122806,4924414824424935,4924414842899245,18475730
8192,3123965,4924414838936175,4924414858877544,19942881
8192,3122806,4924414842908935,4924414862481247,19574141
8192,3123965,4924414858999973,4924414876704749,17698910
8192,3122806,4924414862491437,4924414883754236,21264172
8192,3123965,4924414876831839,4924414896203252,19373011
8192,3122806,4924414883764256,4924414903962453,20199921
8192,3123965,4924414896344611,4924414915070389,18727470
8192,3122806,4924414903972833,4924414921346132,17374970
8192,3123965,4924414915197788,4924414932152640,16931650
8192,3122806,4924414921353782,4924414933898807,12546557
8192,3122806,4924414933906027,4924414949763117,15831809
8192,3123965,4924414932278129,4924414952147829,19870981
8192,3122806,4924414949772427,4924414967848940,18077850
8192,3123965,4924414952315818,4924414970225812,17911400
8192,3122806,4924414967860570,4924414986601129,18742260
8192,3123965,4924414970365001,4924414987046305,16653039
8192,3123965,4924414987133265,4924415002325560,15193579
8192,3122806,4924414986612308,4924415004563793,17952880
8192,3123965,4924415002387289,4924415019619949,17234229
8192,3122806,4924415004573223,4924415021800162,17228670
8192,3123965,4924415019756958,4924415032275293,12519827
8192,3122806,4924415021809152,4924415033973550,12142536
8192,3123965,4924415032411782,4924415044544480,12134076
8192,3122806,4924415033982880,4924415051646417,17640610
8192,3123965,4924415044668690,4924415060044033,15376649
8192,3122806,4924415051656387,4924415068518579,16838000
8192,3123965,4924415060172752,4924415074339925,14168388
8192,3122806,4924415068528019,4924415085699959,17146569
8192,3123965,4924415074458214,4924415090964539,16507779
8192,3122806,4924415085710359,4924415103270646,17561490
8192,3123965,4924415091099328,4924415111018988,19638651
8192,3122806,4924415103280186,4924415122781699,19503231
8192,3123965,4924415111150877,4924415128106689,16957140
8192,3122806,4924415122790869,4924415137269549,14464068
8192,3123965,4924415128240498,4924415143327664,15089328
8192,3122806,4924415137278079,4924415152812952,15536538
8192,3123965,4924415143463013,4924415160562443,17101190
8192,3122806,4924415152825232,4924415172101116,19277130
8192,3123965,4924415160691182,4924415178501898,17812120
8192,3122806,4924415172110726,4924415192174304,20045891
8192,3123965,4924415178633207,4924415197023498,18391630
8192,3122806,4924415192182774,4924415212766939,20585882
8192,3123965,4924415197151907,4924415217759121,20608872
8192,3122806,4924415212777398,4924415233279763,20504221
8192,3123965,4924415217870150,4924415237849249,19981071
8192,3122806,4924415233289213,4924415254014367,20726712
8192,3123965,4924415237994468,4924415258777591,20784461
8192,3122806,4924415254024107,4924415272392398,18369840
8192,3123965,4924415258922030,4924415277543149,18623161
8192,3122806,4924415272402818,4924415289904955,17504010
8192,3123965,4924415277662768,4924415293589377,15928069
8192,3122806,4924415289915245,4924415304829822,14916168
8192,3123965,4924415293703627,4924415311219724,17517450
8192,3122806,4924415304839502,4924415316900631,12020397
8192,3123965,4924415311316223,4924415322870416,11556576
8192,3122806,4924415316910971,4924415329588295,12654587
8192,3123965,4924415323009565,4924415334836466,11828277
8192,3123965,4924415334927125,4924415343579360,8654014
8192,3122806,4924415329598205,4924415350449728,20832601
8192,3123965,4924415343656329,4924415351961396,8306514
8192,3122806,4924415350462318,4924415358816154,8355215
8192,3123965,4924415352107425,4924415359819647,7713375
8192,3122806,4924415358826944,4924415367914485,9066045
8192,3123965,4924415359944676,4924415368076014,8132644
8192,3123965,4924415368181113,4924415376057074,7877385
8192,3122806,4924415367925415,4924415376349962,8425925
8192,3122806,4924415376358592,4924415384547150,8150884
8192,3123965,4924415376121594,4924415384967377,8847164
8192,3123965,4924415385126105,4924415393310244,8185394
8192,3122806,4924415384556170,4924415393353593,8798585
8192,3122806,4924415393403983,4924415403756725,10354206
8192,3123965,4924415393368793,4924415404057282,10689766
8192,3122806,4924415403766404,4924415419426526,15661379
8192,3123965,4924415404229531,4924415424652597,20424662
8192,3122806,4924415419435926,4924415442169614,22734922
8192,3123965,4924415424805605,4924415445329040,20525231
8192,3123965,4924415445443769,4924415462540610,17098280
8192,3122806,4924415442178474,4924415464355456,22178613
8192,3123965,4924415462845268,4924415483168264,20324201
8192,3122806,4924415464366026,4924415486987885,22592512
8192,3123965,4924415483258083,4924415501790463,18534420
8192,3122806,4924415486998375,4924415503526240,16506349
8192,3123965,4924415501936652,4924415512899359,10964337
8192,3122806,4924415503534020,4924415515444640,11911747
8192,3122806,4924415515454150,4924415527017003,11541056
8192,3123965,4924415513047728,4924415529539624,16493469
8192,3122806,4924415527026443,4924415541526503,14501318
8192,3123965,4924415529744912,4924415545154896,15411618
8192,3122806,4924415541537383,4924415559712695,18153801
8192,3123965,4924415545288605,4924415562595774,17309049
8192,3122806,4924415559722385,4924415578964600,19243620
8192,3123965,4924415562713663,4924415580318520,17606590
8192,3122806,4924415578975150,4924415598100515,19126841
8192,3123965,4924415580450189,4924415599879372,19430681
8192,3123965,4924415600043391,4924415611457214,11415226
8192,3122806,4924415598110175,4924415618220483,20111671
8192,3123965,4924415611536874,4924415625792896,14257738
8192,3122806,4924415618229803,4924415630098643,11870457
8192,3123965,4924415625922655,4924415647748290,21826953
8192,3122806,4924415630108873,4924415649971453,19863931
8192,3123965,4924415647877519,4924415662391869,14515788
8192,3122806,4924415649981173,4924415666421229,16441999
8192,3123965,4924415662526978,4924415675763548,13237787
8192,3122806,4924415666431529,4924415679313241,12861457
8192,3123965,4924415675888437,4924415687410390,11499017
8192,3122806,4924415679322841,4924415691868986,12547647
8192,3123965,4924415687540189,4924415701957450,14399688
8192,3122806,4924415691879226,4924415707338289,15425049
8192,3123965,4924415702101669,4924415717283314,15183078
8192,3122806,4924415707347389,4924415724471880,17105449
8192,3123965,4924415717397463,4924415731837684,14424048
8192,3122806,4924415724481450,4924415739954493,15438769
8192,3123965,4924415731948643,4924415747410706,15463599
8192,3122806,4924415739964183,4924415754304934,14342058
8192,3123965,4924415747577425,4924415764322009,16699239
8192,3122806,4924415754315014,4924415770762940,16450029
8192,3123965,4924415764508067,4924415780595696,16089249
8192,3122806,4924415770773530,4924415787224706,16452589
8192,3123965,4924415780712645,4924415797516298,16805120
8192,3122806,4924415787234585,4924415804410535,17177430
8192,3123965,4924415797663296,4924415814303701,16613369
8192,3122806,4924415804419755,4924415821560916,17119539
8192,3123965,4924415814397970,4924415831922557,17506810
8192,3122806,4924415821570996,4924415838634367,17065410
8192,3123965,4924415832248115,4924415849576214,17330010
8192,3122806,4924415838646197,4924415855728818,17084089
8192,3123965,4924415849724233,4924415866070859,16347979
8192,3122806,4924415855737837,4924415870326727,14590478
8192,3123965,4924415866220668,4924415883364419,17103099
8192,3122806,4924415870335647,4924415886460245,16097219
8192,3123965,4924415883496938,4924415899954613,16459010
8192,3122806,4924415886469415,4924415902017618,15550059
8192,3123965,4924415900129342,4924415916563278,16435359
8192,3122806,4924415902028427,4924415919193088,17165999
8192,3123965,4924415916690817,4924415933252971,16563429
8192,3122806,4924415919202018,4924415935775072,16574660
8192,3123965,4924415933397360,4924415951138846,17721510
8192,3122806,4924415935784922,4924415952855103,17071979
8192,3123965,4924415951270725,4924415968327736,17058290
8192,3122806,4924415952863993,4924415969214580,16351899
8192,3123965,4924415968434815,4924415984740452,16308129
8192,3122806,4924415969222550,4924415986434979,17214220
8192,3122806,4924415986443879,4924416004375754,17934050
8192,3123965,4924415984872591,4924416004418213,19546871
8192,3122806,4924416004389814,4924416022126320,17737820
8192,3123965,4924416004610952,4924416022750465,18141450
8192,3122806,4924416022135460,4924416039784786,17650539
8192,3123965,4924416022894024,4924416040278382,17385480
8192,3123965,4924416040437501,4924416057440693,17005069
8192,3122806,4924416039794266,4924416058041768,18248660
8192,3123965,4924416057535692,4924416074402714,16869040
8192,3122806,4924416058051158,4924416075826374,17776680
8192,3123965,4924416074520053,4924416091309796,16791029
8192,3122806,4924416075835913,4924416094431733,18597121
8192,3123965,4924416091453595,4924416108119289,16635199
8192,3122806,4924416094441813,4924416112575316,18135460
8192,3123965,4924416108234438,4924416125287720,16989150
8192,3122806,4924416112585586,4924416129782266,17198659
8192,3123965,4924416125398779,4924416142484030,16814889
8192,3122806,4924416129792065,4924416145864574,16057859
8192,3123965,4924416142600589,4924416158874136,16275549
8192,3122806,4924416145875794,4924416161661525,15787219
8192,3123965,4924416159033674,4924416176066686,17034649
8192,3122806,4924416161670985,4924416178530777,16861389
8192,3123965,4924416176221974,4924416194119939,17899680
8192,3122806,4924416178541497,4924416196742799,18203071
8192,3123965,4924416194241808,4924416211593177,17353280
8192,3122806,4924416196753459,4924416213042026,16289669
8192,3123965,4924416211719096,4924416227059450,15341948
8192,3122806,4924416213049966,4924416228895266,15846848
8192,3122806,4924416228905896,4924416240754937,11850717
8192,3123965,4924416227176359,4924416241341742,14165918
8192,3122806,4924416240763027,4924416254091696,13330207
8192,3123965,4924416241526071,4924416256539717,15015369
8192,3122806,4924416254098986,4924416267348136,13250888
8192,3123965,4924416256649627,4924416271189507,14541238
8192,3122806,4924416267356996,4924416280754444,13398687
8192,3123965,4924416271326425,4924416286507981,15183198
8192,3122806,4924416280761514,4924416294031874,13271828
8192,3123965,4924416286644970,4924416301794425,15151179
8192,3122806,4924416294039844,4924416309305318,15267168
8192,3123965,4924416301941774,4924416316994130,15054128
8192,3122806,4924416309315408,4924416325260138,15946499
8192,3123965,4924416317152159,4924416334131501,16960250
8192,3122806,4924416325270168,4924416343661799,18393420
8192,3123965,4924416334282249,4924416351403380,17122879
8192,3122806,4924416343672059,4924416362918313,19247881
8192,3123965,4924416351525889,4924416368852758,17328439
8192,3122806,4924416362928573,4924416380684149,17757540
8192,3123965,4924416368994917,4924416384692598,15698909
8192,3122806,4924416380695989,4924416397591651,16897269
8192,3123965,4924416384807118,4924416400077082,15271529
8192,3122806,4924416397602071,4924416414685752,17085260
8192,3123965,4924416400193461,4924416415425936,15233418
8192,3123965,4924416415540815,4924416431282756,15743409
8192,3122806,4924416414696002,4924416433316401,18621450
8192,3123965,4924416431356316,4924416450159224,18804450
8192,3122806,4924416433325341,4924416452331097,19006951
8192,3123965,4924416450274683,4924416460875403,10602576
8192,3122806,4924416452339967,4924416468147328,15780338
8192,3123965,4924416460995192,4924416473666216,12672337
8192,3122806,4924416468158847,4924416489040110,20882802
8192,3123965,4924416473776565,4924416489417057,15641019
8192,3123965,4924416489515866,4924416501573575,12058967
8192,3122806,4924416489049789,4924416506612967,17564660
8192,3123965,4924416501638874,4924416513695693,12058427
8192,3122806,4924416506623287,4924416524774349,18152590
8192,3123965,4924416513846192,4924416525064347,11218836
8192,3122806,4924416524784419,4924416539146091,14331428
8192,3123965,4924416525158867,4924416542767963,17611110
8192,3122806,4924416539155201,4924416553323054,14169058
8192,3123965,4924416542876923,4924416563676985,20801601
8192,3122806,4924416553331234,4924416572362250,19032670
8192,3123965,4924416563794594,4924416584068921,20250542
8192,3122806,4924416572371420,4924416591530385,19115531
8192,3123965,4924416584183180,4924416604881784,20700831
8192,3122806,4924416591540285,4924416612509896,20971092
8192,3123965,4924416605027503,4924416625247150,20221292
8192,3122806,4924416612519616,4924416633510967,20992951
8192,3123965,4924416625351139,4924416646314531,20931531
8192,3122806,4924416633519977,4924416654830216,21311992
8192,3123965,4924416646446290,4924416667038094,20593032
8192,3122806,4924416654839226,4924416675868337,21031042
8192,3123965,4924416667153993,4924416686567456,19414861
8192,3122806,4924416675879307,4924416696204354,20326731
8192,3123965,4924416686708315,4924416706973012,20266251
8192,3122806,4924416696214813,4924416717918629,21705342
8192,3123965,4924416707079851,4924416727090390,20012221
8192,3122806,4924416717927859,4924416736728627,18802431
8192,3123965,4924416727219139,4924416746502603,19285011
8192,3122806,4924416736738967,4924416755911912,19174840
8192,3123965,4924416746625352,4924416767680803,21056992
8192,3122806,4924416755920972,4924416775837952,19891231
8192,3123965,4924416767804432,4924416788548175,20745221
8192,3122806,4924416775846922,4924416796114728,20269102
8192,3123965,4924416788671085,4924416808847442,20178002
8192,3122806,4924416796124558,4924416817612636,21462632
8192,3123965,4924416808946221,4924416831799268,22801692
8192,3122806,4924416817623136,4924416840211025,22562342
8192,3123965,4924416831922928,4924416853521324,21600062
8192,3122806,4924416840219955,4924416860943188,20724832
8192,3123965,4924416853650313,4924416872801579,19153190
8192,3122806,4924416860952718,4924416880180633,19229260
8192,3123965,4924416872914678,4924416893303154,20390102
8192,3122806,4924416880189173,4924416899590366,19403021
8192,3123965,4924416893431563,4924416913928728,20476201
8192,3122806,4924416899600376,4924416919631024,20013461
8192,3123965,4924416914057747,4924416933241662,19185431
8192,3122806,4924416919640644,4924416941177432,21538302
8192,3123965,4924416933347871,4924416951209516,17863290
8192,3122806,4924416941187722,4924416961689937,20503382
8192,3123965,4924416951308245,4924416970984466,19640431
8192,3122806,4924416961698666,4924416981426337,19729201
8192,3123965,4924416971109145,4924416991545981,20438311
8192,3122806,4924416981437807,4924417001890083,20453651
8192,3123965,4924416991655760,4924417011582609,19928431
8192,3122806,4924417001899243,4924417022464907,20567381
8192,3123965,4924417012100856,4924417032448442,20348951
8192,3122806,4924417022474897,4924417043596677,21123762
8192,3123965,4924417032567261,4924417052293852,19728051
8192,3122806,4924417043607227,4924417064796447,21190842
8192,3123965,4924417052400741,4924417071092910,18693470
8192,3122806,4924417064806417,4924417083786534,18981970
8192,3123965,4924417071220789,4924417091174958,19955552
8192,3122806,4924417083797113,4924417104086840,20291322
8192,3123965,4924417091282867,4924417111113027,19831551
8192,3122806,4924417104095670,4924417121973215,17879260
8192,3123965,4924417111242546,4924417128582665,17341839
8192,3122806,4924417121982475,4924417139427983,17446989
8192,3123965,4924417128693364,4924417145881834,17190770
8192,3122806,4924417139436503,4924417156597223,17161960
8192,3123965,4924417145990043,4924417163710819,17470060
8192,3122806,4924417156604673,4924417174697426,18076970
8192,3123965,4924417163844848,4924417183803567,19960321
8192,3122806,4924417174707226,4924417192887259,18181820
8192,3123965,4924417183912647,4924417203518988,19607701
8192,3122806,4924417192897219,4924417213243805,20348011
8192,3123965,4924417203642317,4924417223051711,19411151
8192,3122806,4924417213253015,4924417233411612,20159992
8192,3123965,4924417223184500,4924417243073929,19890861
8192,3122806,4924417233420582,4924417253334212,19914961
8192,3123965,4924417243185059,4924417262843970,19660621
8192,3122806,4924417253344232,4924417272758765,19416220
8192,3123965,4924417262956889,4924417281501559,18546210
8192,3122806,4924417272769165,4924417291146726,18378941
8192,3123965,4924417281638408,4924417300670314,19033541
8192,3122806,4924417291155666,4924417310241302,19087090
8192,3123965,4924417300803063,4924417320245676,19444601
8192,3122806,4924417310251662,4924417330151951,19901661
8192,3123965,4924417320376475,4924417339658959,19283871
8192,3122806,4924417330161001,4924417350096040,19936371
8192,3123965,4924417339779288,4924417360411532,20633911
8192,3122806,4924417350105740,4924417370470866,20367102
8192,3123965,4924417360483722,4924417380856628,20374651
8192,3122806,4924417370482026,4924417388118843,17638700
8192,3123965,4924417380979127,4924417400821117,19843991
8192,3122806,4924417388128633,4924417407791484,19664440
8192,3123965,4924417400922646,4924417419126649,18205600
8192,3122806,4924417407800414,4924417426720481,18921711
8192,3123965,4924417419225268,4924417439195747,19971931
8192,3122806,4924417426729561,4924417446751000,20022951
8192,3123965,4924417439317906,4924417458839758,19523381
8192,3122806,4924417446759420,4924417466682099,19924121
8192,3123965,4924417458940538,4924417479146515,20207611
8192,3122806,4924417466691319,4924417486819077,20129361
8192,3123965,4924417479259734,4924417495836929,16578919
8192,3122806,4924417486829157,4924417502726787,15899239
8192,3123965,4924417495930818,4924417511964287,16034759
8192,3122806,4924417502734817,4924417518019051,15285639
8192,3123965,4924417512089416,4924417529394815,17307010
8192,3122806,4924417518028191,4924417535468899,17442149
8192,3123965,4924417529505594,4924417546401316,16897199
8192,3122806,4924417535477619,4924417552786988,17312230
8192,3123965,4924417546501936,4924417563248849,16748739
8192,3122806,4924417552799328,4924417571062990,18265070
8192,3123965,4924417563367918,4924417579906093,16539609
8192,3122806,4924417571072070,4924417588256410,17185550
8192,3123965,4924417580028672,4924417597903767,17876630
8192,3122806,4924417588264080,4924417608660656,20398601
8192,3123965,4924417598034596,4924417619270986,21238192
8192,3122806,4924417608670476,4924417627820691,19151731
8192,3123965,4924417619424035,4924417640809143,21386872
8192,3122806,4924417627830151,4924417648301086,20472461
8192,3123965,4924417640929492,4924417660504884,19576891
8192,3122806,4924417648309976,4924417668940400,20632192
8192,3123965,4924417660613223,4924417681982212,21347612
8192,3122806,4924417668952690,4924417689115058,20163691
8192,3123965,4924417682130291,4924417700256734,18127840
8192,3122806,4924417689124368,4924417707407460,18284630
8192,3123965,4924417700364663,4924417719273820,18910931
8192,3122806,4924417707416209,4924417727035041,19620461
8192,3123965,4924417719403879,4924417740363800,20961341
8192,3122806,4924417727044211,4924417747490227,20447861
8192,3123965,4924417740505749,4924417760025272,19521011
8192,3122806,4924417747500116,4924417767670584,20171841
8192,3123965,4924417760137571,4924417780311398,20175111
8192,3122806,4924417767679974,4924417789066822,21388182
8192,3123965,4924417780413288,4924417800385007,19973042
8192,3122806,4924417789076612,4924417810208982,21133562
8192,3123965,4924417800504456,4924417819676461,19126140
8192,3122806,4924417810216992,4924417829538626,19298931
8192,3123965,4924417819796380,4924417836806641,17012130
8192,3122806,4924417829548806,4924417844818481,15271388
8192,3123965,4924417836921180,4924417850681576,13762408
8192,3122806,4924417844827661,4924417860109465,15283349
8192,3123965,4924417850800446,4924417869586984,18788090
8192,3122806,4924417860118735,4924417879354390,19208870
8192,3123965,4924417869721493,4924417889577582,19857701
8192,3122806,4924417879365210,4924417898178787,18815051
8192,3123965,4924417889687552,4924417908932796,19246881
8192,3122806,4924417898189177,4924417915280088,17092299
8192,3123965,4924417909073015,4924417929857558,20752682
8192,3122806,4924417915288968,4924417934563382,19276001
8192,3123965,4924417929986847,4924417948859864,18874330
8192,3122806,4924417934573242,4924417953401820,18829941
8192,3123965,4924417948966144,4924417964315978,15351039
8192,3122806,4924417953411100,4924417966936828,13527057
8192,3123965,4924417964447667,4924417977164800,12718437
8192,3122806,4924417966945758,4924417979086366,12141737
8192,3123965,4924417977265060,4924417988723923,11460296
8192,3122806,4924417979094576,4924417991034816,11941537
8192,3123965,4924417988835542,4924418000352695,11496207
8192,3122806,4924417991043435,4924418003454802,12413086
8192,3123965,4924418000465654,4924418014311100,13846867
8192,3122806,4924418003464512,4924418017343887,13881138
8192,3123965,4924418014428059,4924418030475287,16048798
8192,3122806,4924418017355937,4924418032916339,15561769
8192,3123965,4924418030612326,4924418043897196,13286188
8192,3122806,4924418032926249,4924418047077152,14152268
8192,3123965,4924418044019285,4924418056256933,12238977
8192,3122806,4924418047085422,4924418059774796,12691347
8192,3123965,4924418056378112,4924418068591829,12215357
8192,3122806,4924418059784336,4924418076188342,16405309
8192,3123965,4924418068725518,4924418083697245,14973258
8192,3122806,4924418076199702,4924418091909383,15711309
8192,3123965,4924418083805574,4924418099751084,15947159
8192,3122806,4924418091919363,4924418107289767,15371678
8192,3123965,4924418099856553,4924418115734083,15878839
8192,3122806,4924418107297767,4924418124341598,17029150
8192,3123965,4924418115861032,4924418132576026,16673079
8192,3122806,4924418124351878,4924418140801914,16451569
8192,3123965,4924418132688345,4924418146937667,14250938
8192,3122806,4924418140811173,4924418154972556,14163098
8192,3123965,4924418147067276,4924418159605011,12539777
8192,3122806,4924418154984556,4924418168051558,13068707
8192,3123965,4924418159727710,4924418177124119,17397990
8192,3122806,4924418168060818,4924418185373607,17314089
8192,3123965,4924418177260418,4924418192814310,15555739
8192,3122806,4924418185384037,4924418200937189,15554499
8192,3123965,4924418192949459,4924418208602801,15654568
8192,3122806,4924418200946549,4924418216702570,15758019
8192,3123965,4924418208716400,4924418225513143,16798410
8192,3122806,4924418216713600,4924418233649532,16937239
8192,3123965,4924418225666702,4924418242196327,16531509
8192,3122806,4924418233658532,4924418250873131,17216160
8192,3123965,4924418242320756,4924418259087999,16769239
8192,3122806,4924418250881941,4924418267862413,16982039
8192,3123965,4924418259239508,4924418276877145,17639069
8192,3122806,4924418267871703,4924418285989726,18119550
8192,3123965,4924418276993534,4924418294976288,17985040
8192,3122806,4924418285999026,4924418304660705,18663291
8192,3123965,4924418295096737,4924418312743734,17648290
8192,3122806,4924418304670055,4924418322206112,17537660
8192,3123965,4924418312833783,4924418332342186,19510101
8192,3122806,4924418322216812,4924418341771794,19556850
8192,3123965,4924418332471225,4924418351839518,19370221
8192,3122806,4924418341781564,4924418359985237,18205581
8192,3123965,4924418351965627,4924418368669341,16705249
8192,3122806,4924418359994917,4924418379855276,19862151
8192,3123965,4924418368770710,4924418388767099,19973861
8192,3122806,4924418379865746,4924418398767284,18903010
8192,3123965,4924418388898378,4924418408085603,19188390
8192,3122806,4924418398775794,4924418417449362,18675010
8192,3123965,4924418408204052,4924418426230706,18028230
8192,3122806,4924418417458972,4924418436195861,18738401
8192,3123965,4924418426322915,4924418445769618,19448191
8192,3122806,4924418436204831,4924418454477333,18247360
8192,3123965,4924418445863278,4924418464290508,18428610
8192,3122806,4924418454487053,4924418474688420,20203201
8192,3123965,4924418464416867,4924418485282040,20866611
8192,3122806,4924418474697460,4924418495643881,20948322
8192,3123965,4924418485386369,4924418505790055,20405522
8192,3122806,4924418495655111,4924418514672108,19019100
8192,3123965,4924418505915824,4924418523622190,17708279
8192,3122806,4924418514683287,4924418533305617,18623781
8192,3123965,4924418523769659,4924418542785185,19017210
8192,3122806,4924418533315747,4924418552297463,18983020
8192,3123965,4924418542898974,4924418561738242,18840761
8192,3122806,4924418552307233,4924418571646797,19316111
8192,3123965,4924418561888631,4924418581091226,19204310
8192,3122806,4924418571657057,4924418590845092,19189871
8192,3123965,4924418581223215,4924418600148891,18927301
8192,3122806,4924418590854312,4924418609108404,18256110
8192,3123965,4924418600273771,4924418617384531,17112620
8192,3122806,4924418609120404,4924418626739300,17620060
8192,3123965,4924418617496700,4924418638329463,20798871
8192,3122806,4924418626748110,4924418645752437,19006180
8192,3123965,4924418638466682,4924418657491958,19027221
8192,3122806,4924418645762737,4924418666463680,20702262
8192,3123965,4924418657609197,4924418677082380,19474961
8192,3122806,4924418666473340,4924418680885041,14413108
8192,3123965,4924418677217289,4924418693596045,16380639
8192,3122806,4924418680893511,4924418700508673,19617121
8192,3123965,4924418693722444,4924418712502002,18781050
8192,3122806,4924418700518843,4924418720512732,19995501
8192,3123965,4924418712628601,4924418732614010,19987082
8192,3122806,4924418720522902,4924418739553898,19032850
8192,3123965,4924418732719800,4924418751158470,18440340
8192,3122806,4924418739564958,4924418759820025,20231842
8192,3123965,4924418751256989,4924418768507599,17252039
8192,3122806,4924418759830845,4924418777801359,17971790
8192,3123965,4924418768624678,4924418786562043,17938680
8192,3122806,4924418777810039,4924418795514155,17705599
8192,3123965,4924418786682812,4924418804430517,17749109
8192,3122806,4924418795522935,4924418813028252,17506619
8192,3123965,4924418804551807,4924418821676047,17078409
8192,3122806,4924418813038612,4924418834014474,20954482
8192,3123965,4924418821840726,4924418841430318,19591131
8192,3122806,4924418834023994,4924418854166142,20143981
8192,3123965,4924418841529227,4924418861301488,19773751
2232,3123965,4924418861443957,4924418866797646,5354833
8192,3122806,4924418854175661,4924418874462898,20288381
