utc	load1 load5 load15 running/total	other_users_RD_procs
2026-10-06T10:29:24Z	13.20 11.41 14.08 19/1408	11
2026-10-06T10:30:24Z	14.88 12.23 14.19 15/1422	12
2026-10-06T10:31:24Z	16.62 13.22 14.41 19/1414	12
2026-10-06T10:32:24Z	17.61 14.12 14.65 19/1412	11
2026-10-06T10:33:24Z	17.62 14.76 14.84 20/1411	11
2026-10-06T10:34:25Z	18.34 15.51 15.10 19/1397	11
2026-10-06T10:35:25Z	15.99 15.53 15.14 12/1333	7
2026-10-06T10:36:25Z	9.17 13.71 14.54 3/1222	1
2026-10-06T10:37:25Z	5.55 11.76 13.81 10/1291	6
2026-10-06T10:38:25Z	6.29 10.91 13.39 4/1188	2
2026-10-06T10:39:25Z	3.82 9.36 12.70 4/1180	1
2026-10-06T10:40:25Z	11.17 10.27 12.80 21/1457	13
2026-10-06T10:41:25Z	15.95 11.85 13.19 21/1445	7
2026-10-06T10:42:25Z	17.84 13.18 13.56 20/1436	9
2026-10-06T10:43:25Z	18.61 14.27 13.92 23/1447	11
2026-10-06T10:44:25Z	18.25 14.99 14.19 19/1441	11
2026-10-06T10:45:25Z	18.62 15.70 14.49 20/1429	11
2026-10-06T10:46:25Z	18.49 16.19 14.73 20/1395	10
2026-10-06T10:47:25Z	19.06 16.78 15.03 24/1329	10
2026-10-06T10:48:25Z	18.39 17.02 15.23 19/1343	8
2026-10-06T10:49:25Z	18.62 17.38 15.46 22/1326	9
2026-10-06T10:50:25Z	18.92 17.68 15.69 20/1340	9
2026-10-06T10:51:25Z	19.10 18.00 15.93 21/1260	7
2026-10-06T10:52:25Z	19.84 18.45 16.22 22/1249	10
2026-10-06T10:53:25Z	19.76 18.65 16.42 23/1249	9
2026-10-06T10:54:25Z	19.12 18.65 16.57 22/1252	9
2026-10-06T10:55:25Z	18.28 18.53 16.66 22/1266	9
2026-10-06T10:56:25Z	18.62 18.59 16.80 22/1271	11
2026-10-06T10:57:25Z	18.20 18.52 16.90 21/1274	9
2026-10-06T10:58:25Z	18.14 18.46 16.99 19/1269	9
2026-10-06T10:59:25Z	18.65 18.54 17.11 23/1257	8
2026-10-06T11:00:25Z	19.54 18.80 17.29 18/1252	10
2026-10-06T11:01:25Z	18.61 18.70 17.35 17/1239	6
2026-10-06T11:02:25Z	14.47 17.53 17.04 10/1206	3
2026-10-06T11:03:25Z	11.29 16.09 16.57 9/1187	3
2026-10-06T11:04:25Z	9.46 14.70 16.06 8/1192	3
2026-10-06T11:05:25Z	8.35 13.45 15.54 7/1154	3
2026-10-06T11:06:25Z	6.78 12.07 14.94 5/1148	4
2026-10-06T11:07:26Z	5.50 10.76 14.31 4/1101	2
2026-10-06T11:08:26Z	3.34 9.18 13.54 3/1085	0
2026-10-06T11:09:26Z	11.34 10.26 13.63 25/1262	11
2026-10-06T11:10:26Z	14.63 11.42 13.82 18/1275	12
2026-10-06T11:11:26Z	16.36 12.50 14.04 18/1269	10
2026-10-06T11:12:26Z	17.11 13.41 14.26 20/1255	12
2026-10-06T11:13:26Z	17.19 14.09 14.44 23/1273	11
2026-10-06T11:14:26Z	18.02 14.92 14.71 21/1256	11
2026-10-06T11:15:26Z	17.28 15.36 14.88 13/1223	8
2026-10-06T11:16:26Z	10.77 13.90 14.41 5/1113	3
2026-10-06T11:17:26Z	5.71 11.91 13.69 2/836	0
2026-10-06T11:18:26Z	7.10 11.13 13.31 8/1095	3
2026-10-06T11:19:26Z	4.58 9.73 12.69 4/1016	1
2026-10-06T11:20:26Z	8.58 9.65 12.46 19/1263	11
2026-10-06T11:21:26Z	14.83 11.26 12.84 22/1278	11
2026-10-06T11:22:26Z	18.20 12.86 13.29 20/1260	10
2026-10-06T11:23:26Z	17.91 13.76 13.58 20/1270	8
2026-10-06T11:24:26Z	18.36 14.65 13.90 21/1262	11
2026-10-06T11:25:26Z	18.22 15.33 14.18 20/1257	10
2026-10-06T11:26:26Z	18.12 15.84 14.43 22/1260	11
2026-10-06T11:27:26Z	19.23 16.56 14.77 21/1249	10
2026-10-06T11:28:26Z	19.67 17.13 15.07 19/1262	8
2026-10-06T11:29:26Z	19.66 17.60 15.37 21/1272	10
2026-10-06T11:30:26Z	19.68 18.03 15.66 22/1266	10
2026-10-06T11:31:26Z	19.34 18.21 15.87 22/1270	10
2026-10-06T11:32:26Z	19.53 18.47 16.11 22/1256	10
2026-10-06T11:33:26Z	19.32 18.61 16.31 23/1265	9
2026-10-06T11:34:26Z	19.46 18.77 16.51 18/1259	9
2026-10-06T11:35:26Z	19.42 18.84 16.67 21/1262	12
2026-10-06T11:36:26Z	19.37 18.94 16.85 21/1254	9
2026-10-06T11:37:26Z	19.17 18.96 16.98 24/1271	12
2026-10-06T11:38:26Z	19.08 18.93 17.10 22/1267	10
2026-10-06T11:39:26Z	19.62 19.12 17.28 21/1250	6
2026-10-06T11:40:26Z	19.92 19.28 17.45 23/1261	8
2026-10-06T11:41:26Z	19.17 19.23 17.56 18/1251	9
2026-10-06T11:42:26Z	15.37 18.27 17.34 10/1198	5
2026-10-06T11:43:26Z	11.36 16.61 16.82 10/1193	2
2026-10-06T11:44:27Z	9.44 15.16 16.31 9/1201	5
2026-10-06T11:45:27Z	7.88 13.71 15.74 7/1153	2
2026-10-06T11:46:27Z	6.31 12.21 15.10 7/1151	3
2026-10-06T11:47:27Z	4.51 10.67 14.39 3/1079	1
2026-10-06T11:48:27Z	7.23 10.06 13.93 16/1275	12
2026-10-06T11:49:27Z	14.37 11.63 14.23 18/1261	10
2026-10-06T11:50:27Z	16.56 12.77 14.46 19/1267	11
2026-10-06T11:51:27Z	18.06 13.89 14.74 21/1257	10
2026-10-06T11:52:27Z	18.73 14.84 15.02 20/1274	10
2026-10-06T11:53:27Z	20.35 15.93 15.38 24/1494	13
2026-10-06T11:54:27Z	19.73 16.56 15.63 24/1505	9
2026-10-06T11:55:27Z	14.97 15.92 15.48 11/1429	6
2026-10-06T11:56:27Z	8.11 13.81 14.78 4/1315	1
2026-10-06T11:57:27Z	7.63 12.51 14.26 13/1375	5
2026-10-06T11:58:27Z	5.48 11.07 13.66 9/1275	3
2026-10-06T11:59:27Z	3.14 9.37 12.92 4/1182	0
2026-10-06T12:00:27Z	5.40 8.74 12.46 9/1493	4
2026-10-06T12:01:27Z	5.21 8.17 12.04 4/1397	2
2026-10-06T12:02:27Z	3.53 7.14 11.44 4/1368	1
2026-10-06T12:03:27Z	10.52 8.22 11.52 19/1614	10
2026-10-06T12:04:27Z	16.44 10.36 12.06 20/1603	10
2026-10-06T12:05:27Z	18.52 12.07 12.54 21/1599	7
2026-10-06T12:06:27Z	18.99 13.39 12.97 25/1617	12
2026-10-06T12:07:27Z	18.62 14.27 13.30 19/1521	10
2026-10-06T12:08:27Z	19.56 15.35 13.73 21/1505	11
2026-10-06T12:09:27Z	19.32 16.09 14.09 20/1516	9
2026-10-06T12:10:27Z	19.04 16.62 14.40 20/1509	9
2026-10-06T12:11:27Z	19.27 17.11 14.71 23/1503	11
2026-10-06T12:12:27Z	18.86 17.39 14.96 22/1507	9
2026-10-06T12:13:27Z	19.57 17.91 15.29 22/1507	10
2026-10-06T12:14:27Z	19.28 18.11 15.53 25/1509	12
2026-10-06T12:15:27Z	19.20 18.30 15.76 24/1514	11
2026-10-06T12:16:27Z	19.56 18.55 16.00 22/1519	7
2026-10-06T12:17:27Z	19.37 18.70 16.21 20/1511	9
2026-10-06T12:18:28Z	19.51 18.87 16.43 20/1511	8
2026-10-06T12:19:28Z	19.57 18.98 16.62 22/1512	9
2026-10-06T12:20:28Z	19.23 18.98 16.77 23/1512	9
2026-10-06T12:21:28Z	19.45 19.08 16.95 21/1527	9
2026-10-06T12:22:28Z	19.85 19.23 17.13 18/1521	9
2026-10-06T12:23:28Z	19.00 19.10 17.22 22/1510	8
2026-10-06T12:24:28Z	19.74 19.29 17.40 22/1513	10
2026-10-06T12:25:28Z	18.17 18.97 17.42 19/1498	7
2026-10-06T12:26:28Z	13.45 17.48 17.00 10/1446	3
2026-10-06T12:27:28Z	10.83 16.01 16.52 10/1430	4
2026-10-06T12:28:28Z	9.37 14.63 16.01 9/1435	3
2026-10-06T12:29:28Z	8.66 13.46 15.52 8/1401	3
2026-10-06T12:30:28Z	6.66 12.03 14.90 6/1403	3
2026-10-06T12:31:28Z	5.19 10.64 14.24 4/1385	2
2026-10-06T12:32:28Z	3.49 9.18 13.52 3/1348	0
2026-10-06T12:33:28Z	10.08 9.84 13.46 17/1567	11
2026-10-06T12:34:28Z	15.77 11.51 13.81 19/1567	11
2026-10-06T12:35:28Z	16.52 12.49 14.00 18/1542	12
2026-10-06T12:36:28Z	16.95 13.38 14.22 19/1553	9
2026-10-06T12:37:28Z	17.66 14.25 14.47 21/1558	11
2026-10-06T12:38:28Z	19.08 15.25 14.80 19/1702	10
2026-10-06T12:39:28Z	19.23 16.01 15.09 14/1658	9
2026-10-06T12:40:28Z	11.97 14.59 14.66 5/1506	2
2026-10-06T12:41:28Z	6.00 12.43 13.92 1/1214	0
2026-10-06T12:42:28Z	2.97 10.39 13.12 2/1343	0
2026-10-06T12:43:28Z	1.97 8.75 12.38 1/1328	0
2026-10-06T12:44:28Z	1.44 7.36 11.68 2/1319	0
2026-10-06T12:45:28Z	1.35 6.25 11.02 3/1315	1
2026-10-06T12:46:28Z	1.32 5.35 10.41 2/1314	0
2026-10-06T12:47:28Z	1.18 4.57 9.82 2/1309	0
2026-10-06T12:48:28Z	1.15 3.95 9.28 2/1298	0
2026-10-06T12:49:28Z	1.16 3.44 8.77 2/1298	0
2026-10-06T12:50:28Z	1.18 3.02 8.29 2/1294	0
2026-10-06T12:51:28Z	1.38 2.75 7.86 2/1301	0
2026-10-06T12:52:28Z	1.23 2.46 7.44 2/1308	0
2026-10-06T12:53:29Z	1.17 2.22 7.04 1/1314	0
2026-10-06T12:54:29Z	1.10 2.01 6.67 1/1319	0
2026-10-06T12:55:29Z	1.12 1.85 6.32 3/1316	0
2026-10-06T12:56:29Z	1.26 1.76 6.01 2/1311	0
2026-10-06T12:57:29Z	1.14 1.63 5.69 2/1221	0
2026-10-06T12:58:29Z	1.23 1.56 5.41 2/1311	0
2026-10-06T12:59:29Z	1.18 1.49 5.14 2/1309	0
2026-10-06T13:00:29Z	1.18 1.43 4.89 2/1309	0
2026-10-06T13:01:29Z	1.06 1.35 4.65 2/1314	0
2026-10-06T13:02:29Z	1.14 1.31 4.43 3/1320	0
2026-10-06T13:03:29Z	1.05 1.25 4.21 2/1307	0
2026-10-06T13:04:29Z	1.02 1.20 4.00 2/1309	0
2026-10-06T13:05:29Z	1.61 1.32 3.87 2/1228	0
2026-10-06T13:06:29Z	1.35 1.29 3.70 2/1299	0
2026-10-06T13:07:29Z	1.29 1.28 3.54 2/1306	0
2026-10-06T13:08:29Z	1.28 1.29 3.40 2/1312	0
2026-10-06T13:09:29Z	1.35 1.30 3.27 2/1319	0
2026-10-06T13:10:29Z	1.27 1.29 3.14 2/1317	0
2026-10-06T13:11:29Z	1.37 1.32 3.03 2/1311	0
2026-10-06T13:12:29Z	1.43 1.35 2.93 3/1330	0
2026-10-06T13:13:29Z	5.03 2.23 3.12 10/1525	6
2026-10-06T13:14:29Z	4.96 2.80 3.27 3/1409	1
2026-10-06T13:15:29Z	3.31 2.74 3.22 2/1239	0
2026-10-06T13:16:29Z	5.31 3.29 3.37 11/1636	6
2026-10-06T13:17:29Z	5.81 3.89 3.58 4/1523	2
2026-10-06T13:18:29Z	3.63 3.62 3.50 3/1499	0
2026-10-06T13:19:29Z	4.15 3.65 3.52 10/1611	6
2026-10-06T13:20:29Z	6.64 4.53 3.83 10/1530	3
2026-10-06T13:21:29Z	4.01 4.18 3.76 3/1499	1
2026-10-06T13:22:29Z	8.06 5.04 4.06 26/1750	12
2026-10-06T13:23:29Z	15.66 7.82 5.08 21/1655	10
2026-10-06T13:24:29Z	18.11 9.96 5.99 23/1656	10
2026-10-06T13:25:29Z	18.79 11.66 6.83 24/1656	12
2026-10-06T13:26:29Z	18.55 12.90 7.56 22/1642	9
2026-10-06T13:27:29Z	19.16 14.05 8.29 22/1658	10
2026-10-06T13:28:29Z	19.18 15.03 8.99 22/1655	9
2026-10-06T13:29:29Z	19.49 15.89 9.67 25/1640	10
2026-10-06T13:30:30Z	19.99 16.69 10.33 23/1640	10
2026-10-06T13:31:30Z	19.39 17.09 10.87 21/1665	7
2026-10-06T13:32:30Z	19.34 17.50 11.40 21/1654	9
2026-10-06T13:33:30Z	19.63 17.96 11.95 16/1648	8
2026-10-06T13:34:30Z	19.23 18.14 12.39 22/1651	10
2026-10-06T13:35:30Z	19.59 18.41 12.84 23/1659	7
2026-10-06T13:36:30Z	21.85 19.29 13.50 25/1726	9
2026-10-06T13:37:30Z	23.67 20.25 14.19 26/1729	13
2026-10-06T13:38:30Z	24.22 20.99 14.82 25/1680	12
2026-10-06T13:39:30Z	21.85 20.91 15.18 19/1668	9
2026-10-06T13:40:30Z	21.38 20.94 15.55 20/1675	12
2026-10-06T13:41:30Z	20.30 20.71 15.81 23/1695	6
2026-10-06T13:42:30Z	22.95 21.34 16.34 24/1796	8
2026-10-06T13:43:30Z	22.25 21.44 16.69 31/1790	12
2026-10-06T13:44:30Z	30.24 23.77 17.78 41/1842	20
2026-10-06T13:45:30Z	25.79 23.92 18.22 21/1734	5
2026-10-06T13:46:30Z	18.63 22.24 18.00 10/1685	3
2026-10-06T13:47:30Z	13.26 20.08 17.52 9/1612	5
2026-10-06T13:48:30Z	10.76 18.17 17.03 9/1700	6
2026-10-06T13:49:30Z	8.97 16.31 16.46 9/1680	3
2026-10-06T13:50:30Z	6.87 14.38 15.79 6/1658	2
2026-10-06T13:51:30Z	5.59 12.66 15.10 5/1636	3
2026-10-06T13:52:30Z	3.45 10.76 14.30 4/1405	1
2026-10-06T13:53:30Z	12.58 11.99 14.50 18/1787	12
2026-10-06T13:54:30Z	15.81 13.02 14.69 22/1795	11
2026-10-06T13:55:30Z	17.07 13.91 14.90 19/1772	10
2026-10-06T13:56:30Z	17.86 14.73 15.12 19/1787	11
2026-10-06T13:57:30Z	19.04 15.61 15.40 17/1777	11
2026-10-06T13:58:30Z	19.71 16.39 15.68 25/1744	12
2026-10-06T13:59:30Z	20.15 17.11 15.97 14/1677	8
2026-10-06T14:00:31Z	12.72 15.61 15.53 7/1572	4
2026-10-06T14:01:31Z	6.60 13.38 14.77 3/1294	0
2026-10-06T14:02:31Z	4.82 11.54 14.04 10/1696	7
2026-10-06T14:03:31Z	7.10 11.04 13.72 5/1533	2
2026-10-06T14:04:31Z	4.07 9.46 13.01 5/1501	1
2026-10-06T14:05:31Z	3.27 8.20 12.35 11/1598	6
2026-10-06T14:06:31Z	6.69 8.38 12.15 8/1532	2
2026-10-06T14:07:31Z	4.22 7.37 11.57 4/1507	1
2026-10-06T14:08:31Z	12.25 8.82 11.79 23/1744	9
2026-10-06T14:09:31Z	16.96 10.75 12.26 23/1747	11
2026-10-06T14:10:31Z	19.08 12.52 12.78 22/1641	12
2026-10-06T14:11:31Z	19.96 13.94 13.25 19/1645	11
2026-10-06T14:12:31Z	19.68 14.97 13.65 22/1638	13
2026-10-06T14:13:31Z	20.06 15.89 14.05 24/1649	9
2026-10-06T14:14:31Z	21.18 16.90 14.51 20/1661	11
2026-10-06T14:15:31Z	20.68 17.57 14.89 20/1706	8
2026-10-06T14:16:31Z	25.72 19.35 15.66 36/1729	21
2026-10-06T14:17:32Z	27.95 21.35 16.59 17/1705	7
2026-10-06T14:18:32Z	32.24 23.42 17.58 43/1776	22
2026-10-06T14:19:32Z	31.54 24.95 18.49 31/1762	19
2026-10-06T14:20:32Z	20.18 22.96 18.21 25/1703	9
2026-10-06T14:21:32Z	19.62 22.31 18.29 25/1704	12
2026-10-06T14:22:32Z	20.17 21.97 18.43 21/1702	8
2026-10-06T14:23:32Z	20.87 21.78 18.58 22/1715	10
2026-10-06T14:24:32Z	20.94 21.68 18.75 23/1713	12
2026-10-06T14:25:32Z	19.91 21.26 18.79 21/1713	10
2026-10-06T14:26:32Z	20.42 21.15 18.91 22/1713	11
2026-10-06T14:27:32Z	20.91 21.20 19.07 23/1728	9
2026-10-06T14:28:32Z	21.43 21.24 19.22 22/1728	9
2026-10-06T14:29:32Z	23.47 21.84 19.55 25/1708	14
2026-10-06T14:30:32Z	30.02 24.13 20.50 28/1777	16
2026-10-06T14:31:33Z	24.07 23.79 20.63 10/1705	5
2026-10-06T14:32:33Z	21.71 23.16 20.61 18/1691	10
2026-10-06T14:33:33Z	17.02 21.63 20.25 11/1642	6
2026-10-06T14:34:33Z	21.40 21.78 20.37 24/1693	16
2026-10-06T14:35:33Z	19.36 21.37 20.33 11/1655	7
