timestamp,run_id,query_id,cache_scenario,rep,status,http_status,elapsed_ns,elapsed_s,first_byte_s,export_time_ms,export_time_s,plan_time_ms,total_server_ms,response_bytes,mib_per_s,cpu_s,cpu_ratio,blkio_s,wait_s,delayacct_blkio_ticks,checksum_algorithm,checksum,content_type,minor_faults,major_faults,rchar,wchar,read_bytes,write_bytes,syscr,syscw,pread64,io_uring_enter,utime_ticks,stime_ticks,voluntary_ctxt_switches,nonvoluntary_ctxt_switches,syscall_counter_source,pswpin_delta,pswpout_delta,readiness_s,warmup_status,warmup_bytes,warmup_checksum,error,loop_n,loop_total_s
2026-10-07T08:45:03.494895+00:00,pr3528-H-vocab-label-large-de-warm-b16384-r256-r1,H-vocab-label-large-de,warm,1,complete,200,16817385099,16.817385099,0.167323363,,,0,,504927346,28.633241,20.720000,1.2321,0.000000,0.000000,0,xxh3_128,667b4be896acd8fd34c3a99219789510,text/turtle,16645,0,211590562,2936,0,16384,8864646,18,2633,0,1323,749,0,0,ld_preload,0,0,29.783811,200,504927346,667b4be896acd8fd34c3a99219789510,,1,16.817385
2026-10-07T08:47:19.420785+00:00,pr3528-H-vocab-label-large-de-warm-b16384-r256-r2,H-vocab-label-large-de,warm,1,complete,200,14665009775,14.665009775,0.149132683,,,0,,504927346,32.835726,18.600000,1.2683,0.000000,0.000000,0,xxh3_128,667b4be896acd8fd34c3a99219789510,text/turtle,14582,0,211590000,2835,0,8192,8864638,16,2633,0,1184,676,0,0,ld_preload,0,0,23.029246,200,504927346,667b4be896acd8fd34c3a99219789510,,1,14.665010
2026-10-07T08:53:20.363306+00:00,pr3528-H-vocab-label-large-de-warm-b16384-r256-r3,H-vocab-label-large-de,warm,1,complete,200,17465693327,17.465693327,0.151886791,,,0,,504927346,27.570405,21.520000,1.2321,0.000000,0.000000,0,xxh3_128,667b4be896acd8fd34c3a99219789510,text/turtle,19522,0,211590558,2933,0,4096,8864646,18,2633,0,1379,773,0,0,ld_preload,0,0,23.516873,200,504927346,667b4be896acd8fd34c3a99219789510,,1,17.465693
2026-10-07T08:56:22.909853+00:00,pr3528-H-vocab-label-large-de-warm-b16384-r256-r4,H-vocab-label-large-de,warm,1,complete,200,19803995129,19.803995129,0.214192713,,,0,,504927346,24.315106,23.990000,1.2114,0.000000,0.000000,0,xxh3_128,667b4be896acd8fd34c3a99219789510,text/turtle,19637,0,211590843,2991,0,12288,8864650,19,2633,0,1553,846,0,0,ld_preload,0,0,29.790068,200,504927346,667b4be896acd8fd34c3a99219789510,,1,19.803995
2026-10-07T08:59:18.038864+00:00,pr3528-H-vocab-label-large-de-warm-b16384-r256-r5,H-vocab-label-large-de,warm,1,complete,200,20051430719,20.051430719,0.213030840,,,0,,504927346,24.015056,24.200000,1.2069,0.000000,0.000000,0,xxh3_128,667b4be896acd8fd34c3a99219789510,text/turtle,18933,0,211590842,2989,0,16384,8864650,19,2633,0,1554,866,0,0,ld_preload,0,0,30.043231,200,504927346,667b4be896acd8fd34c3a99219789510,,1,20.051431
2026-10-07T09:06:48.329488+00:00,pr3528-H-vocab-label-large-de-warm-b16384-r256-r6,H-vocab-label-large-de,warm,1,complete,200,19828879879,19.828879879,0.212339549,,,1,,504927346,24.284591,24.080000,1.2144,0.000000,0.000000,0,xxh3_128,667b4be896acd8fd34c3a99219789510,text/turtle,17619,0,211590843,2991,0,12288,8864650,19,2633,0,1547,861,0,0,ld_preload,0,0,30.038819,200,504927346,667b4be896acd8fd34c3a99219789510,,1,19.828880
2026-10-07T09:09:50.217925+00:00,pr3528-H-vocab-label-large-de-warm-b16384-r256-r7,H-vocab-label-large-de,warm,1,complete,200,19622387726,19.622387726,0.204879431,,,0,,504927346,24.540145,23.840000,1.2149,0.000000,0.000000,0,xxh3_128,667b4be896acd8fd34c3a99219789510,text/turtle,16090,0,211590843,2991,0,12288,8864650,19,2633,0,1539,845,0,0,ld_preload,0,0,29.785552,200,504927346,667b4be896acd8fd34c3a99219789510,,1,19.622388
2026-10-07T09:12:44.368417+00:00,pr3528-H-vocab-label-large-de-warm-b16384-r256-r8,H-vocab-label-large-de,warm,1,complete,200,19801826925,19.801826925,0.204378959,,,0,,504927346,24.317768,23.980000,1.2110,0.000000,0.000000,0,xxh3_128,667b4be896acd8fd34c3a99219789510,text/turtle,21645,0,211590843,2991,0,12288,8864650,19,2633,0,1547,851,0,0,ld_preload,0,0,30.042594,200,504927346,667b4be896acd8fd34c3a99219789510,,1,19.801827
2026-10-07T09:19:42.815761+00:00,pr3528-H-vocab-label-large-de-warm-b16384-r256-r9,H-vocab-label-large-de,warm,1,complete,200,16503296970,16.503296970,0.166189386,,,0,,504927346,29.178184,20.180000,1.2228,0.000000,0.000000,0,xxh3_128,667b4be896acd8fd34c3a99219789510,text/turtle,15948,0,211590279,2888,0,12288,8864642,17,2633,0,1278,740,0,0,ld_preload,0,0,26.771649,200,504927346,667b4be896acd8fd34c3a99219789510,,1,16.503297
2026-10-07T09:22:11.643859+00:00,pr3528-H-vocab-label-large-de-warm-b16384-r256-r10,H-vocab-label-large-de,warm,1,complete,200,14849314359,14.849314359,0.150934528,,,0,,504927346,32.428180,18.550000,1.2492,0.000000,0.000000,0,xxh3_128,667b4be896acd8fd34c3a99219789510,text/turtle,16066,0,211590279,2886,0,12288,8864642,17,2633,0,1159,696,0,0,ld_preload,1,0,25.269683,200,504927346,667b4be896acd8fd34c3a99219789510,,1,14.849314
