warm	G-hash-count-per-author	base	1	0	{"bytes": 31, "lines": 2, "multiset": "76521234972657f797b55f5ce63de4ac", "xxh3_128": "5ca8d34d233d0dad2c8c8e6380775fbf"}
warm	G-hash-count-per-author	variant	1	0	{"bytes": 31, "lines": 2, "multiset": "76521234972657f797b55f5ce63de4ac", "xxh3_128": "5ca8d34d233d0dad2c8c8e6380775fbf"}
warm	G-hash-count-per-author	variant	2	0	{"bytes": 31, "lines": 2, "multiset": "76521234972657f797b55f5ce63de4ac", "xxh3_128": "5ca8d34d233d0dad2c8c8e6380775fbf"}
warm	G-hash-count-per-author	base	2	0	{"bytes": 31, "lines": 2, "multiset": "76521234972657f797b55f5ce63de4ac", "xxh3_128": "5ca8d34d233d0dad2c8c8e6380775fbf"}
warm	G-hash-count-per-author	base	3	0	{"bytes": 31, "lines": 2, "multiset": "76521234972657f797b55f5ce63de4ac", "xxh3_128": "5ca8d34d233d0dad2c8c8e6380775fbf"}
warm	G-hash-count-per-author	variant	3	0	{"bytes": 31, "lines": 2, "multiset": "76521234972657f797b55f5ce63de4ac", "xxh3_128": "5ca8d34d233d0dad2c8c8e6380775fbf"}
warm	G-hash-minmax-per-author	base	1	0	{"bytes": 29, "lines": 2, "multiset": "175f604a230be3f6be9207d42f4579c8", "xxh3_128": "a36574ac74d0ab0f235d1f46e623f610"}
warm	G-hash-minmax-per-author	variant	1	0	{"bytes": 29, "lines": 2, "multiset": "175f604a230be3f6be9207d42f4579c8", "xxh3_128": "a36574ac74d0ab0f235d1f46e623f610"}
warm	G-hash-minmax-per-author	variant	2	0	{"bytes": 29, "lines": 2, "multiset": "175f604a230be3f6be9207d42f4579c8", "xxh3_128": "a36574ac74d0ab0f235d1f46e623f610"}
warm	G-hash-minmax-per-author	base	2	0	{"bytes": 29, "lines": 2, "multiset": "175f604a230be3f6be9207d42f4579c8", "xxh3_128": "a36574ac74d0ab0f235d1f46e623f610"}
warm	G-hash-minmax-per-author	base	3	0	{"bytes": 29, "lines": 2, "multiset": "175f604a230be3f6be9207d42f4579c8", "xxh3_128": "a36574ac74d0ab0f235d1f46e623f610"}
warm	G-hash-minmax-per-author	variant	3	0	{"bytes": 29, "lines": 2, "multiset": "175f604a230be3f6be9207d42f4579c8", "xxh3_128": "a36574ac74d0ab0f235d1f46e623f610"}
