bench,config,arm,trial,seconds,items,ns_per_item,alloc_requests,alloc_bytes,peak_live_bytes,max_per_word_buffer_bytes,provisioned_buffer_bytes
fsstab,s1,variant-owning,1,15.816274642944336,99600000,158.79793818217206,99600009,135565006600,,,
fsstab,s1,variant-into,1,11.20572280883789,99600000,112.50725711684629,9,4360,,,
fsstab,s1,base-owning,1,13.697477340698242,99600000,137.52487289857672,99600009,135565006600,,,
fsstab,s1,variant-into,2,11.100377082824707,99600000,111.44956910466573,9,4360,,,
fsstab,s1,base-owning,2,13.326300621032715,99600000,133.79819900635255,99600009,135565006600,,,
fsstab,s1,variant-owning,2,15.84063720703125,99600000,159.04254223926958,99600009,135565006600,,,
fsstab,s1,base-owning,3,13.350658416748047,99600000,134.0427551882334,99600009,135565006600,,,
fsstab,s1,variant-owning,3,15.863371849060059,99600000,159.27080169739014,99600009,135565006600,,,
fsstab,s1,variant-into,3,11.114723205566406,99600000,111.59360648159043,9,4360,,,
fsstab,s1,variant-owning,4,15.852910995483398,99600000,159.16577304702207,99600009,135565006600,,,
fsstab,s1,variant-into,4,11.119894027709961,99600000,111.64552236656587,9,4360,,,
fsstab,s1,base-owning,4,13.402460098266602,99600000,134.56285239223496,99600009,135565006600,,,
fsstab,s1,variant-into,5,11.22104263305664,99600000,112.66107061301848,9,4360,,,
fsstab,s1,base-owning,5,13.27677059173584,99600000,133.30090955558072,99600009,135565006600,,,
fsstab,s1,variant-owning,5,15.847464561462402,99600000,159.11108997452212,99600009,135565006600,,,
fsstab,s1,base-owning,6,13.322001457214355,99600000,133.7550347109875,99600009,135565006600,,,
fsstab,s1,variant-owning,6,15.88370418548584,99600000,159.47494162134376,99600009,135565006600,,,
fsstab,s1,variant-into,6,11.436790466308594,99600000,114.82721351715456,9,4360,,,
fsstab,s1,variant-owning,7,16.051437377929688,99600000,161.15900981857115,99600009,135565006600,,,
fsstab,s1,variant-into,7,11.447426795959473,99600000,114.93400397549671,9,4360,,,
fsstab,s1,base-owning,7,13.675358772277832,99600000,137.30279891845214,99600009,135565006600,,,
fsstab,s1,variant-into,8,11.335418701171875,99600000,113.80942471056099,9,4360,,,
fsstab,s1,base-owning,8,13.667681694030762,99600000,137.22571981958595,99600009,135565006600,,,
fsstab,s1,variant-owning,8,16.035892486572266,99600000,161.00293661217134,99600009,135565006600,,,
fsstab,s1,base-owning,9,13.995010375976562,99600000,140.51215236924259,99600009,135565006600,,,
fsstab,s1,variant-owning,9,16.152042388916016,99600000,162.16910029032144,99600009,135565006600,,,
fsstab,s1,variant-into,9,11.352192878723145,99600000,113.97784014782273,9,4360,,,
fsstab,s1,variant-owning,10,16.15605926513672,99600000,162.20943037285863,99600009,135565006600,,,
fsstab,s1,variant-into,10,11.47370719909668,99600000,115.19786344474578,9,4360,,,
fsstab,s1,base-owning,10,13.573592185974121,99600000,136.2810460439169,99600009,135565006600,,,
fsstab,s3,variant-owning,1,16.847774505615234,37400000,450.47525416083516,112200009,145072270600,,,
fsstab,s3,variant-into,1,12.02244758605957,37400000,321.4558178090794,9,4360,,,
fsstab,s3,base-owning,1,14.141500473022461,37400000,378.1149859096915,112200009,145072270600,,,
fsstab,s3,variant-into,2,12.968152046203613,37400000,346.7420333209522,9,4360,,,
fsstab,s3,base-owning,2,14.090102195739746,37400000,376.74070042084884,112200009,145072270600,,,
fsstab,s3,variant-owning,2,16.7702579498291,37400000,448.40261897938774,112200009,145072270600,,,
fsstab,s3,base-owning,3,14.12418270111084,37400000,377.651943879969,112200009,145072270600,,,
fsstab,s3,variant-owning,3,16.789133071899414,37400000,448.90730138768487,112200009,145072270600,,,
fsstab,s3,variant-into,3,13.579120635986328,37400000,363.0780918712922,9,4360,,,
fsstab,s3,variant-owning,4,16.877971649169922,37400000,451.2826644163081,112200009,145072270600,,,
fsstab,s3,variant-into,4,12.130303382873535,37400000,324.3396626436774,9,4360,,,
fsstab,s3,base-owning,4,14.110837936401367,37400000,377.29513198934137,112200009,145072270600,,,
fsstab,s3,variant-into,5,12.019956588745117,37400000,321.3892136028106,9,4360,,,
fsstab,s3,base-owning,5,14.16031265258789,37400000,378.6179853633126,112200009,145072270600,,,
fsstab,s3,variant-owning,5,16.907405853271484,37400000,452.0696752211627,112200009,145072270600,,,
fsstab,s3,base-owning,6,14.108868598937988,37400000,377.24247590743283,112200009,145072270600,,,
fsstab,s3,variant-owning,6,16.632051467895508,37400000,444.7072584998799,112200009,145072270600,,,
fsstab,s3,variant-into,6,11.776506423950195,37400000,314.87985090775925,9,4360,,,
fsstab,s3,variant-owning,7,16.723054885864258,37400000,447.14050496963256,112200009,145072270600,,,
fsstab,s3,variant-into,7,12.303136825561523,37400000,328.9608776888108,9,4360,,,
fsstab,s3,base-owning,7,14.135856628417969,37400000,377.96408097374245,112200009,145072270600,,,
fsstab,s3,variant-into,8,12.11642074584961,37400000,323.9684691403639,9,4360,,,
fsstab,s3,base-owning,8,14.165292739868164,37400000,378.75114277722366,112200009,145072270600,,,
fsstab,s3,variant-owning,8,16.685644149780273,37400000,446.14021790856344,112200009,145072270600,,,
fsstab,s3,base-owning,9,14.275309562683105,37400000,381.692769055698,112200009,145072270600,,,
fsstab,s3,variant-owning,9,16.97651481628418,37400000,453.91750845679627,112200009,145072270600,,,
fsstab,s3,variant-into,9,11.963423728942871,37400000,319.8776398113067,9,4360,,,
fsstab,s3,variant-owning,10,16.85183334350586,37400000,450.5837792381246,112200009,145072270600,,,
fsstab,s3,variant-into,10,12.066274642944336,37400000,322.6276642498486,9,4360,,,
fsstab,s3,base-owning,10,14.129618644714355,37400000,377.7972899656245,112200009,145072270600,,,
vocab,real,base,1,10.890922546386719,196600000,55.39635069372695,393200008,45084296600,896,,
vocab,real,variant,1,20.561813354492188,196600000,104.58704656404979,393200008,45084296600,896,,
vocab,real,variant,2,20.942075729370117,196600000,106.52123972212674,393200008,45084296600,896,,
vocab,real,base,2,10.799226760864258,196600000,54.92994283247334,393200008,45084296600,896,,
vocab,real,base,3,10.889537811279297,196600000,55.389307280159194,393200008,45084296600,896,,
vocab,real,variant,3,20.60822296142578,196600000,104.82310763695718,393200008,45084296600,896,,
vocab,real,variant,4,20.951087951660156,196600000,106.56708012034667,393200008,45084296600,896,,
vocab,real,base,4,10.769001007080078,196600000,54.776200442930204,393200008,45084296600,896,,
vocab,real,base,5,10.93598747253418,196600000,55.62557208816978,393200008,45084296600,896,,
vocab,real,variant,5,20.750856399536133,196600000,105.54860833945133,393200008,45084296600,896,,
vocab,real,variant,6,20.379249572753906,196600000,103.65844136700868,393200008,45084296600,896,,
vocab,real,base,6,11.236027717590332,196600000,57.15171779038826,393200008,45084296600,896,,
vocab,real,base,7,10.872536659240723,196600000,55.302831430522495,393200008,45084296600,896,,
vocab,real,variant,7,20.776004791259766,196600000,105.67652487924602,393200008,45084296600,896,,
vocab,real,variant,8,20.63691520690918,196600000,104.96904988254923,393200008,45084296600,896,,
vocab,real,base,8,10.802010536193848,196600000,54.94410242214572,393200008,45084296600,896,,
vocab,real,base,9,10.955912590026855,196600000,55.72692060034006,393200008,45084296600,896,,
vocab,real,variant,9,20.615758895874023,196600000,104.86143894137346,393200008,45084296600,896,,
vocab,real,variant,10,20.737863540649414,196600000,105.48252055264199,393200008,45084296600,896,,
vocab,real,base,10,10.851117134094238,196600000,55.19388165866856,393200008,45084296600,896,,
scratch,arms,arm1,1,33.21387481689453,249865000,132.92727999877746,499730009,36170861656,4496,128,0
scratch,arms,arm2,1,11.648500442504883,249865000,46.6191761251271,9,4488,4232,0,576
scratch,arms,arm3,1,16.11416244506836,249865000,64.49147517686895,249865009,19989204488,4432,64,512
scratch,arms,arm4,1,10.238109588623047,249865000,40.974564619386655,9,4520,4232,0,1024
scratch,arms,arm5,1,10.15440559387207,249865000,40.639567742069,9,4520,4232,0,1024
scratch,arms,arm6,1,10.272960662841797,249865000,41.11404423525423,9,4520,4232,0,576
scratch,arms,arm0,1,20.9845027923584,249865000,83.9833621850135,499730009,36170861720,4560,128,0
scratch,arms,arm2,2,11.480039596557617,249865000,45.9449686693119,9,4488,4232,0,576
scratch,arms,arm3,2,15.784423828125,249865000,63.17180808886799,249865009,19989204488,4432,64,512
scratch,arms,arm4,2,10.114529609680176,249865000,40.47997762663909,9,4520,4232,0,1024
scratch,arms,arm5,2,10.069107055664062,249865000,40.298189244848466,9,4520,4232,0,1024
scratch,arms,arm6,2,10.10593032836914,249865000,40.44556191691169,9,4520,4232,0,576
scratch,arms,arm0,2,20.068323135375977,249865000,80.31666353981541,499730009,36170861720,4560,128,0
scratch,arms,arm1,2,32.97926330566406,249865000,131.98832691919262,499730009,36170861656,4496,128,0
scratch,arms,arm3,3,15.805947303771973,249865000,63.257948507281824,249865009,19989204488,4432,64,512
scratch,arms,arm4,3,10.097505569458008,249865000,40.41184467395597,9,4520,4232,0,1024
scratch,arms,arm5,3,10.102386474609375,249865000,40.43137884301273,9,4520,4232,0,1024
scratch,arms,arm6,3,10.086048126220703,249865000,40.36599013955817,9,4520,4232,0,576
scratch,arms,arm0,3,20.388517379760742,249865000,81.59813251059869,499730009,36170861720,4560,128,0
scratch,arms,arm1,3,33.0687141418457,249865000,132.34632358211715,499730009,36170861656,4496,128,0
scratch,arms,arm2,3,11.456557273864746,249865000,45.85098862931881,9,4488,4232,0,576
scratch,arms,arm4,4,10.09135627746582,249865000,40.387234216340104,9,4520,4232,0,1024
scratch,arms,arm5,4,10.074487686157227,249865000,40.31972339526235,9,4520,4232,0,1024
scratch,arms,arm6,4,10.123537063598633,249865000,40.51602690892535,9,4520,4232,0,576
scratch,arms,arm0,4,19.867679595947266,249865000,79.51365575789833,499730009,36170861720,4560,128,0
scratch,arms,arm1,4,33.013938903808594,249865000,132.1271042515302,499730009,36170861656,4496,128,0
scratch,arms,arm2,4,11.513195037841797,249865000,46.07766208889519,9,4488,4232,0,576
scratch,arms,arm3,4,15.728412628173828,249865000,62.947642239504646,249865009,19989204488,4432,64,512
scratch,arms,arm5,5,10.0700101852417,249865000,40.301803714972884,9,4520,4232,0,1024
scratch,arms,arm6,5,10.098523139953613,249865000,40.4159171550782,9,4520,4232,0,576
scratch,arms,arm0,5,19.990737915039062,249865000,80.00615498384752,499730009,36170861720,4560,128,0
scratch,arms,arm1,5,33.02271270751953,249865000,132.16221842802926,499730009,36170861656,4496,128,0
scratch,arms,arm2,5,11.462367057800293,249865000,45.8742403209745,9,4488,4232,0,576
scratch,arms,arm3,5,15.707992553710938,249865000,62.8659178104614,249865009,19989204488,4432,64,512
scratch,arms,arm4,5,10.100481033325195,249865000,40.423752959899126,9,4520,4232,0,1024
scratch,arms,arm6,6,10.104480743408203,249865000,40.43976044427272,9,4520,4232,0,576
scratch,arms,arm0,6,19.98859405517578,249865000,79.99757491115516,499730009,36170861720,4560,128,0
scratch,arms,arm1,6,33.008968353271484,249865000,132.10721130719182,499730009,36170861656,4496,128,0
scratch,arms,arm2,6,11.442794799804688,249865000,45.79590899007339,9,4488,4232,0,576
scratch,arms,arm3,6,15.762850761413574,249865000,63.085469199021766,249865009,19989204488,4432,64,512
scratch,arms,arm4,6,10.120612144470215,249865000,40.50432091117289,9,4520,4232,0,1024
scratch,arms,arm5,6,10.08322811126709,249865000,40.354703985220375,9,4520,4232,0,1024
scratch,arms,arm0,7,20.09099769592285,249865000,80.40741078551558,499730009,36170861720,4560,128,0
scratch,arms,arm1,7,33.03612518310547,249865000,132.21589731697304,499730009,36170861656,4496,128,0
scratch,arms,arm2,7,11.460728645324707,249865000,45.86768313018913,9,4488,4232,0,576
scratch,arms,arm3,7,15.763951301574707,249865000,63.08987373811741,249865009,19989204488,4432,64,512
scratch,arms,arm4,7,10.115015029907227,249865000,40.48192035662148,9,4520,4232,0,1024
scratch,arms,arm5,7,10.105843544006348,249865000,40.44521459190502,9,4520,4232,0,1024
scratch,arms,arm6,7,10.084380149841309,249865000,40.359314629265036,9,4520,4232,0,576
scratch,arms,arm1,8,33.00047302246094,249865000,132.07321162412077,499730009,36170861656,4496,128,0
scratch,arms,arm2,8,11.459555625915527,249865000,45.86298851746154,9,4488,4232,0,576
scratch,arms,arm3,8,15.778047561645508,249865000,63.14628924277313,249865009,19989204488,4432,64,512
scratch,arms,arm4,8,10.09737491607666,249865000,40.4113217780668,9,4520,4232,0,1024
scratch,arms,arm5,8,10.101502418518066,249865000,40.42784070805462,9,4520,4232,0,1024
scratch,arms,arm6,8,10.068499565124512,249865000,40.29575796980174,9,4520,4232,0,576
scratch,arms,arm0,8,20.114431381225586,249865000,80.50119617083459,499730009,36170861720,4560,128,0
scratch,arms,arm2,9,11.447096824645996,249865000,45.81312638683288,9,4488,4232,0,576
scratch,arms,arm3,9,15.705574035644531,249865000,62.856238511374265,249865009,19989204488,4432,64,512
scratch,arms,arm4,9,10.096219062805176,249865000,40.406695866988876,9,4520,4232,0,1024
scratch,arms,arm5,9,10.10451602935791,249865000,40.43990166433038,9,4520,4232,0,1024
scratch,arms,arm6,9,10.093250274658203,249865000,40.39481429835392,9,4520,4232,0,576
scratch,arms,arm0,9,19.868595123291016,249865000,79.51731984588083,499730009,36170861720,4560,128,0
scratch,arms,arm1,9,33.04047775268555,249865000,132.23331700192324,499730009,36170861656,4496,128,0
scratch,arms,arm3,10,15.735851287841797,249865000,62.97741295436254,249865009,19989204488,4432,64,512
scratch,arms,arm4,10,10.111509323120117,249865000,40.46788995305512,9,4520,4232,0,1024
scratch,arms,arm5,10,10.163352966308594,249865000,40.675376568581406,9,4520,4232,0,1024
scratch,arms,arm6,10,10.074227333068848,249865000,40.31868142024232,9,4520,4232,0,576
scratch,arms,arm0,10,20.02602767944336,249865000,80.14739030854005,499730009,36170861720,4560,128,0
scratch,arms,arm1,10,33.05246353149414,249865000,132.2812860204276,499730009,36170861656,4496,128,0
scratch,arms,arm2,10,11.449671745300293,249865000,45.823431634283686,9,4488,4232,0,576
