cold	H-vocab-label-large-de	base	1	0	{"bytes": 504927346, "lines": 4515802, "multiset": "75eb7a67996ae056829a3d17083d349b", "xxh3_128": "667b4be896acd8fd34c3a99219789510"}
cold	H-vocab-label-large-de	variant	1	0	{"bytes": 504927346, "lines": 4515802, "multiset": "75eb7a67996ae056829a3d17083d349b", "xxh3_128": "667b4be896acd8fd34c3a99219789510"}
cold	H-vocab-label-large-de	variant	2	0	{"bytes": 504927346, "lines": 4515802, "multiset": "75eb7a67996ae056829a3d17083d349b", "xxh3_128": "667b4be896acd8fd34c3a99219789510"}
cold	H-vocab-label-large-de	base	2	0	{"bytes": 504927346, "lines": 4515802, "multiset": "75eb7a67996ae056829a3d17083d349b", "xxh3_128": "667b4be896acd8fd34c3a99219789510"}
cold	H-vocab-label-large-de	base	3	0	{"bytes": 504927346, "lines": 4515802, "multiset": "75eb7a67996ae056829a3d17083d349b", "xxh3_128": "667b4be896acd8fd34c3a99219789510"}
cold	H-vocab-label-large-de	variant	3	0	{"bytes": 504927346, "lines": 4515802, "multiset": "75eb7a67996ae056829a3d17083d349b", "xxh3_128": "667b4be896acd8fd34c3a99219789510"}
warm	H-vocab-label-large-de	base	1	0	{"bytes": 504927346, "lines": 4515802, "multiset": "75eb7a67996ae056829a3d17083d349b", "xxh3_128": "667b4be896acd8fd34c3a99219789510"}
warm	H-vocab-label-large-de	variant	1	0	{"bytes": 504927346, "lines": 4515802, "multiset": "75eb7a67996ae056829a3d17083d349b", "xxh3_128": "667b4be896acd8fd34c3a99219789510"}
warm	H-vocab-label-large-de	variant	2	0	{"bytes": 504927346, "lines": 4515802, "multiset": "75eb7a67996ae056829a3d17083d349b", "xxh3_128": "667b4be896acd8fd34c3a99219789510"}
warm	H-vocab-label-large-de	base	2	0	{"bytes": 504927346, "lines": 4515802, "multiset": "75eb7a67996ae056829a3d17083d349b", "xxh3_128": "667b4be896acd8fd34c3a99219789510"}
warm	H-vocab-label-large-de	base	3	0	{"bytes": 504927346, "lines": 4515802, "multiset": "75eb7a67996ae056829a3d17083d349b", "xxh3_128": "667b4be896acd8fd34c3a99219789510"}
warm	H-vocab-label-large-de	variant	3	0	{"bytes": 504927346, "lines": 4515802, "multiset": "75eb7a67996ae056829a3d17083d349b", "xxh3_128": "667b4be896acd8fd34c3a99219789510"}
cold	A-scatter-disambig-label-de	base	1	0	{"bytes": 74413425, "lines": 701285, "multiset": "7766b7316dc16dac0f9d1d1660ed5f58", "xxh3_128": "20d29875fff2180d63500b76880635f3"}
cold	A-scatter-disambig-label-de	variant	1	0	{"bytes": 74413425, "lines": 701285, "multiset": "7766b7316dc16dac0f9d1d1660ed5f58", "xxh3_128": "20d29875fff2180d63500b76880635f3"}
cold	A-scatter-disambig-label-de	variant	2	0	{"bytes": 74413425, "lines": 701285, "multiset": "7766b7316dc16dac0f9d1d1660ed5f58", "xxh3_128": "20d29875fff2180d63500b76880635f3"}
cold	A-scatter-disambig-label-de	base	2	0	{"bytes": 74413425, "lines": 701285, "multiset": "7766b7316dc16dac0f9d1d1660ed5f58", "xxh3_128": "20d29875fff2180d63500b76880635f3"}
cold	A-scatter-disambig-label-de	base	3	0	{"bytes": 74413425, "lines": 701285, "multiset": "7766b7316dc16dac0f9d1d1660ed5f58", "xxh3_128": "20d29875fff2180d63500b76880635f3"}
cold	A-scatter-disambig-label-de	variant	3	0	{"bytes": 74413425, "lines": 701285, "multiset": "7766b7316dc16dac0f9d1d1660ed5f58", "xxh3_128": "20d29875fff2180d63500b76880635f3"}
warm	A-scatter-disambig-label-de	base	1	0	{"bytes": 74413425, "lines": 701285, "multiset": "7766b7316dc16dac0f9d1d1660ed5f58", "xxh3_128": "20d29875fff2180d63500b76880635f3"}
warm	A-scatter-disambig-label-de	variant	1	0	{"bytes": 74413425, "lines": 701285, "multiset": "7766b7316dc16dac0f9d1d1660ed5f58", "xxh3_128": "20d29875fff2180d63500b76880635f3"}
warm	A-scatter-disambig-label-de	variant	2	0	{"bytes": 74413425, "lines": 701285, "multiset": "7766b7316dc16dac0f9d1d1660ed5f58", "xxh3_128": "20d29875fff2180d63500b76880635f3"}
warm	A-scatter-disambig-label-de	base	2	0	{"bytes": 74413425, "lines": 701285, "multiset": "7766b7316dc16dac0f9d1d1660ed5f58", "xxh3_128": "20d29875fff2180d63500b76880635f3"}
warm	A-scatter-disambig-label-de	base	3	0	{"bytes": 74413425, "lines": 701285, "multiset": "7766b7316dc16dac0f9d1d1660ed5f58", "xxh3_128": "20d29875fff2180d63500b76880635f3"}
warm	A-scatter-disambig-label-de	variant	3	0	{"bytes": 74413425, "lines": 701285, "multiset": "7766b7316dc16dac0f9d1d1660ed5f58", "xxh3_128": "20d29875fff2180d63500b76880635f3"}
cold	H-vocab-label-large	base	1	0	{"bytes": 1302749672, "lines": 11643064, "multiset": "f5e829f8d2da8bad82dce60195f2a2d8", "xxh3_128": "cf2bbf8ee8a6414f7a14ff74cec09d1b"}
cold	H-vocab-label-large	variant	1	0	{"bytes": 1302749672, "lines": 11643064, "multiset": "f5e829f8d2da8bad82dce60195f2a2d8", "xxh3_128": "cf2bbf8ee8a6414f7a14ff74cec09d1b"}
cold	H-vocab-label-large	variant	2	0	{"bytes": 1302749672, "lines": 11643064, "multiset": "f5e829f8d2da8bad82dce60195f2a2d8", "xxh3_128": "cf2bbf8ee8a6414f7a14ff74cec09d1b"}
cold	H-vocab-label-large	base	2	0	{"bytes": 1302749672, "lines": 11643064, "multiset": "f5e829f8d2da8bad82dce60195f2a2d8", "xxh3_128": "cf2bbf8ee8a6414f7a14ff74cec09d1b"}
cold	H-vocab-label-large	base	3	0	{"bytes": 1302749672, "lines": 11643064, "multiset": "f5e829f8d2da8bad82dce60195f2a2d8", "xxh3_128": "cf2bbf8ee8a6414f7a14ff74cec09d1b"}
cold	H-vocab-label-large	variant	3	0	{"bytes": 1302749672, "lines": 11643064, "multiset": "f5e829f8d2da8bad82dce60195f2a2d8", "xxh3_128": "cf2bbf8ee8a6414f7a14ff74cec09d1b"}
warm	H-vocab-label-large	base	1	0	{"bytes": 1302749672, "lines": 11643064, "multiset": "f5e829f8d2da8bad82dce60195f2a2d8", "xxh3_128": "cf2bbf8ee8a6414f7a14ff74cec09d1b"}
warm	H-vocab-label-large	variant	1	0	{"bytes": 1302749672, "lines": 11643064, "multiset": "f5e829f8d2da8bad82dce60195f2a2d8", "xxh3_128": "cf2bbf8ee8a6414f7a14ff74cec09d1b"}
warm	H-vocab-label-large	variant	2	0	{"bytes": 1302749672, "lines": 11643064, "multiset": "f5e829f8d2da8bad82dce60195f2a2d8", "xxh3_128": "cf2bbf8ee8a6414f7a14ff74cec09d1b"}
warm	H-vocab-label-large	base	2	0	{"bytes": 1302749672, "lines": 11643064, "multiset": "f5e829f8d2da8bad82dce60195f2a2d8", "xxh3_128": "cf2bbf8ee8a6414f7a14ff74cec09d1b"}
warm	H-vocab-label-large	base	3	0	{"bytes": 1302749672, "lines": 11643064, "multiset": "f5e829f8d2da8bad82dce60195f2a2d8", "xxh3_128": "cf2bbf8ee8a6414f7a14ff74cec09d1b"}
