1790679237018158199	855	1452	490928371	17579696	128916340	6106015337	14821844	0	1268974
1790679237518445715	855	1452	490928371	17579696	128916340	6106016135	14821844	0	1268974
1790679238018744362	855	1452	490928373	17579696	128916342	6106016930	14821847	0	1268975
1790679238519040439	867	1494	490928385	17579696	128916385	6106017673	14821848	0	1268975
1790679239019307296	872	1539	490928391	17579696	128916430	6106018422	14821848	0	1268975
1790679239519581204	879	1582	490928399	17579696	128916474	6106019169	14821849	0	1268975
1790679240019845562	890	1623	490928410	17579696	128916516	6106019916	14821849	0	1268975
1790679240520141771	898	1666	490928418	17579696	128916559	6106020664	14821849	0	1268975
1790679241020420580	907	1708	490928428	17579696	128916602	6106021411	14821849	0	1268975
1790679241520726600	916	1750	490928440	17579696	128916645	6106022156	14821850	0	1268976
1790679242021040950	928	1790	490928471	17579696	128916698	6106022865	14821854	0	1268976
1790679242521361920	938	1830	490928499	17579696	128916749	6106023586	14821855	0	1268976
1790679243021648121	950	1869	490928515	17579696	128916790	6106024329	14821855	0	1268976
1790679243521932452	961	1907	490928527	17579696	128916829	6106025077	14821856	0	1268976
1790679244022227004	976	1943	490928541	17579696	128916867	6106025823	14821857	0	1268976
1790679244522562436	990	1980	490928556	17579696	128916903	6106026570	14821857	0	1268976
1790679245022904928	1002	2017	490928569	17579696	128916942	6106027318	14821859	0	1268976
1790679245523208301	1020	2051	490928586	17579696	128916976	6106028064	14821859	0	1268976
1790679246023523015	1038	2084	490928605	17579696	128917010	6106028811	14821860	0	1268976
1790679246524592052	1057	2116	490928623	17579696	128917043	6106029559	14821862	0	1268977
1790679247024830127	1074	2148	490928641	17579696	128917077	6106030305	14821863	0	1268977
1790679247525099563	1095	2178	490928663	17579696	128917108	6106031052	14821864	0	1268977
1790679248025375388	1115	2210	490928682	17579696	128917141	6106031798	14821864	0	1268977
1790679248525681264	1135	2242	490928703	17579696	128917174	6106032543	14821866	0	1268977
1790679249025949260	1156	2273	490928724	17579696	128917207	6106033286	14821868	0	1268977
1790679249526265207	1175	2303	490928744	17579696	128917238	6106034034	14821869	0	1268977
1790679250026539694	1196	2332	490928765	17579696	128917269	6106034781	14821870	0	1268977
1790679250526849392	1218	2361	490928788	17579696	128917299	6106035528	14821870	0	1268977
1790679251027120620	1240	2390	490928810	17579696	128917329	6106036275	14821871	0	1268977
1790679251527397519	1260	2421	490928830	17579696	128917361	6106037020	14821873	0	1268977
1790679252027714788	1282	2449	490928854	17579696	128917390	6106037765	14821875	0	1268977
1790679252528007767	1305	2477	490928877	17579696	128917420	6106038511	14821876	0	1268977
1790679253028311137	1329	2505	490928901	17579696	128917448	6106039256	14821877	0	1268978
1790679253528599058	1350	2535	490928923	17579696	128917480	6106040002	14821877	0	1268978
1790679254028909278	1371	2565	490928944	17579696	128917512	6106040747	14821878	0	1268978
1790679254529195550	1394	2593	490928969	17579696	128917542	6106041492	14821879	0	1268978
1790679255029486461	1415	2623	490929010	17579696	128917575	6106042216	14821880	0	1268978
1790679255529836853	1437	2653	490929067	17579696	128917608	6106042919	14821883	0	1268978
1790679256030139626	1460	2681	490929168	17579696	128917641	6106043581	14821886	0	1268979
1790679256530434749	1485	2707	490929226	17579696	128917670	6106044294	14821887	0	1268979
1790679257030792812	1510	2734	490929253	17579696	128917699	6106045037	14821888	0	1268979
1790679257531081486	1533	2762	490929277	17579696	128917729	6106045782	14821889	0	1268979
1790679258031380170	1553	2792	490929298	17579696	128917760	6106046527	14821891	0	1268979
1790679258531677625	1579	2820	490929323	17579696	128917789	6106047271	14821892	0	1268979
1790679259031969170	1605	2846	490929351	17579696	128917818	6106048009	14821897	0	1268980
1790679259532256096	1626	2875	490929374	17579696	128917849	6106048752	14821898	0	1268980
1790679260032526712	1648	2903	490929396	17579696	128917879	6106049500	14821899	0	1268980
1790679260532815339	1670	2931	490929419	17579696	128917908	6106050248	14821899	0	1268980
1790679261033091546	1684	2947	490929450	17579696	128917928	6106050993	14821902	0	1268980
